<?xml version="1.0" encoding="UTF-8"?>
<gpx xmlns="http://www.topografix.com/GPX/1/1" xmlns:gpxtpx="http://www.garmin.com/xmlschemas/TrackPointExtension/v1" xmlns:xsi="http://www.w3.org/2001/XMLSchema-instance" xsi:schemaLocation="http://www.topografix.com/GPX/1/1 http://www.topografix.com/GPX/1/1/gpx.xsd" version="1.1" creator="gpx.py -- https://github.com/tkrajina/gpxpy">
  <trk>
    <name>Monday Evening Run</name>
    <trkseg>
      <trkpt lat="35.655752889852415" lon="139.77261619305938">
        <ele>1.214958486147225</ele>
        <time>2025-08-11T10:37:24.999000Z</time>
      </trkpt>
      <trkpt lat="35.65582666799732" lon="139.77272100962165">
        <ele>1.5300221936777234</ele>
        <time>2025-08-11T10:37:28.999000Z</time>
      </trkpt>
      <trkpt lat="35.655876883913386" lon="139.77281829677074">
        <ele>1.6455011535435915</ele>
        <time>2025-08-11T10:37:31.999000Z</time>
      </trkpt>
      <trkpt lat="35.65589579347207" lon="139.77294830712393">
        <ele>2.9801566172391176</ele>
        <time>2025-08-11T10:37:35Z</time>
        <extensions>
          <gpxtpx:TrackPointExtension>
            <gpxtpx:hr>137</gpxtpx:hr>
          </gpxtpx:TrackPointExtension>
        </extensions>
      </trkpt>
      <trkpt lat="35.65594387035582" lon="139.77307139583573">
        <ele>6.539836024865508</ele>
        <time>2025-08-11T10:37:39Z</time>
        <extensions>
          <gpxtpx:TrackPointExtension>
            <gpxtpx:hr>135</gpxtpx:hr>
          </gpxtpx:TrackPointExtension>
        </extensions>
      </trkpt>
      <trkpt lat="35.65600444560085" lon="139.77316184894167">
        <ele>6.411398825235665</ele>
        <time>2025-08-11T10:37:43Z</time>
        <extensions>
          <gpxtpx:TrackPointExtension>
            <gpxtpx:hr>122</gpxtpx:hr>
          </gpxtpx:TrackPointExtension>
        </extensions>
      </trkpt>
      <trkpt lat="35.65606865184287" lon="139.77325218138876">
        <ele>5.141573584638536</ele>
        <time>2025-08-11T10:37:47Z</time>
      </trkpt>
      <trkpt lat="35.65608898788612" lon="139.77338900789695">
        <ele>4.33277415111661</ele>
        <time>2025-08-11T10:37:51Z</time>
      </trkpt>
      <trkpt lat="35.65616974618671" lon="139.77346331324878">
        <ele>3.4470516834408045</ele>
        <time>2025-08-11T10:37:55Z</time>
      </trkpt>
      <trkpt lat="35.65624003892441" lon="139.7735491365003">
        <ele>5.399957112967968</ele>
        <time>2025-08-11T10:37:59.001000Z</time>
      </trkpt>
      <trkpt lat="35.656316673875935" lon="139.77366746894143">
        <ele>4.689856106415391</ele>
        <time>2025-08-11T10:38:12.001000Z</time>
        <extensions>
          <gpxtpx:TrackPointExtension>
            <gpxtpx:hr>145</gpxtpx:hr>
          </gpxtpx:TrackPointExtension>
        </extensions>
      </trkpt>
      <trkpt lat="35.65638852250328" lon="139.77373670512875">
        <ele>6.949896844103932</ele>
        <time>2025-08-11T10:38:15.001000Z</time>
      </trkpt>
      <trkpt lat="35.656445162036576" lon="139.7738769601208">
        <ele>5.452103075571358</ele>
        <time>2025-08-11T10:38:19.001000Z</time>
        <extensions>
          <gpxtpx:TrackPointExtension>
            <gpxtpx:hr>144</gpxtpx:hr>
          </gpxtpx:TrackPointExtension>
        </extensions>
      </trkpt>
      <trkpt lat="35.65652625158014" lon="139.77392840133135">
        <ele>5.907838625833392</ele>
        <time>2025-08-11T10:38:22.001000Z</time>
      </trkpt>
      <trkpt lat="35.656589131498485" lon="139.77403796387668">
        <ele>6.150837942957878</ele>
        <time>2025-08-11T10:38:26.001000Z</time>
        <extensions>
          <gpxtpx:TrackPointExtension>
            <gpxtpx:hr>147</gpxtpx:hr>
          </gpxtpx:TrackPointExtension>
        </extensions>
      </trkpt>
      <trkpt lat="35.65665864077289" lon="139.7741196302142">
        <ele>5.928332166746259</ele>
        <time>2025-08-11T10:38:30.002000Z</time>
        <extensions>
          <gpxtpx:TrackPointExtension>
            <gpxtpx:hr>150</gpxtpx:hr>
          </gpxtpx:TrackPointExtension>
        </extensions>
      </trkpt>
      <trkpt lat="35.65671852690226" lon="139.77421670888583">
        <ele>6.2288291454315186</ele>
        <time>2025-08-11T10:38:34.002000Z</time>
      </trkpt>
      <trkpt lat="35.6567961054754" lon="139.774300770997">
        <ele>5.447346186265349</ele>
        <time>2025-08-11T10:38:38.002000Z</time>
      </trkpt>
      <trkpt lat="35.65687904023373" lon="139.77437270899577">
        <ele>5.778998481109738</ele>
        <time>2025-08-11T10:38:42.002000Z</time>
        <extensions>
          <gpxtpx:TrackPointExtension>
            <gpxtpx:hr>157</gpxtpx:hr>
          </gpxtpx:TrackPointExtension>
        </extensions>
      </trkpt>
      <trkpt lat="35.65695233469528" lon="139.77448767009773">
        <ele>6.982341102324426</ele>
        <time>2025-08-11T10:38:46.002000Z</time>
        <extensions>
          <gpxtpx:TrackPointExtension>
            <gpxtpx:hr>159</gpxtpx:hr>
          </gpxtpx:TrackPointExtension>
        </extensions>
      </trkpt>
      <trkpt lat="35.657028423884924" lon="139.77460295350687">
        <ele>3.793245160020888</ele>
        <time>2025-08-11T10:38:51.002000Z</time>
        <extensions>
          <gpxtpx:TrackPointExtension>
            <gpxtpx:hr>161</gpxtpx:hr>
          </gpxtpx:TrackPointExtension>
        </extensions>
      </trkpt>
      <trkpt lat="35.65711162803544" lon="139.7746926462846">
        <ele>3.4079182939603925</ele>
        <time>2025-08-11T10:38:55.002000Z</time>
      </trkpt>
      <trkpt lat="35.65718223874091" lon="139.77478122243417">
        <ele>4.483297978527844</ele>
        <time>2025-08-11T10:38:59.002000Z</time>
        <extensions>
          <gpxtpx:TrackPointExtension>
            <gpxtpx:hr>161</gpxtpx:hr>
          </gpxtpx:TrackPointExtension>
        </extensions>
      </trkpt>
      <trkpt lat="35.657242147315124" lon="139.7748640636645">
        <ele>4.16875561978668</ele>
        <time>2025-08-11T10:39:02.002000Z</time>
        <extensions>
          <gpxtpx:TrackPointExtension>
            <gpxtpx:hr>162</gpxtpx:hr>
          </gpxtpx:TrackPointExtension>
        </extensions>
      </trkpt>
      <trkpt lat="35.65731545576263" lon="139.77495829897782">
        <ele>5.465362836606801</ele>
        <time>2025-08-11T10:39:06.003000Z</time>
        <extensions>
          <gpxtpx:TrackPointExtension>
            <gpxtpx:hr>164</gpxtpx:hr>
          </gpxtpx:TrackPointExtension>
        </extensions>
      </trkpt>
      <trkpt lat="35.65739452518124" lon="139.7750253048331">
        <ele>5.897927396930754</ele>
        <time>2025-08-11T10:39:10.003000Z</time>
      </trkpt>
      <trkpt lat="35.657480617144095" lon="139.77513082579415">
        <ele>5.828346303664148</ele>
        <time>2025-08-11T10:39:15.003000Z</time>
        <extensions>
          <gpxtpx:TrackPointExtension>
            <gpxtpx:hr>164</gpxtpx:hr>
          </gpxtpx:TrackPointExtension>
        </extensions>
      </trkpt>
      <trkpt lat="35.65752930963602" lon="139.77522768690608">
        <ele>5.189646792598069</ele>
        <time>2025-08-11T10:39:17.995000Z</time>
      </trkpt>
      <trkpt lat="35.65763004562736" lon="139.77529500322004">
        <ele>5.082914334721863</ele>
        <time>2025-08-11T10:39:21.996000Z</time>
        <extensions>
          <gpxtpx:TrackPointExtension>
            <gpxtpx:hr>163</gpxtpx:hr>
          </gpxtpx:TrackPointExtension>
        </extensions>
      </trkpt>
      <trkpt lat="35.65764811259277" lon="139.7754092369404">
        <ele>5.279464569874108</ele>
        <time>2025-08-11T10:39:24.996000Z</time>
        <extensions>
          <gpxtpx:TrackPointExtension>
            <gpxtpx:hr>165</gpxtpx:hr>
          </gpxtpx:TrackPointExtension>
        </extensions>
      </trkpt>
      <trkpt lat="35.657675307264086" lon="139.77552281944517">
        <ele>5.630290813744068</ele>
        <time>2025-08-11T10:39:27.997000Z</time>
        <extensions>
          <gpxtpx:TrackPointExtension>
            <gpxtpx:hr>164</gpxtpx:hr>
          </gpxtpx:TrackPointExtension>
        </extensions>
      </trkpt>
      <trkpt lat="35.65774301434516" lon="139.77559628703472">
        <ele>5.530251042917371</ele>
        <time>2025-08-11T10:39:31.998000Z</time>
      </trkpt>
      <trkpt lat="35.65781301621052" lon="139.77567199643002">
        <ele>3.962855708785355</ele>
        <time>2025-08-11T10:39:35.998000Z</time>
        <extensions>
          <gpxtpx:TrackPointExtension>
            <gpxtpx:hr>165</gpxtpx:hr>
          </gpxtpx:TrackPointExtension>
        </extensions>
      </trkpt>
      <trkpt lat="35.65787432609966" lon="139.77576467437274">
        <ele>6.235660479404032</ele>
        <time>2025-08-11T10:39:39.999000Z</time>
        <extensions>
          <gpxtpx:TrackPointExtension>
            <gpxtpx:hr>166</gpxtpx:hr>
          </gpxtpx:TrackPointExtension>
        </extensions>
      </trkpt>
      <trkpt lat="35.657939729637555" lon="139.77585957022845">
        <ele>5.416750296019018</ele>
        <time>2025-08-11T10:39:43.999000Z</time>
        <extensions>
          <gpxtpx:TrackPointExtension>
            <gpxtpx:hr>167</gpxtpx:hr>
          </gpxtpx:TrackPointExtension>
        </extensions>
      </trkpt>
      <trkpt lat="35.658019899839594" lon="139.77595925374976">
        <ele>4.8872712533921</ele>
        <time>2025-08-11T10:39:48Z</time>
        <extensions>
          <gpxtpx:TrackPointExtension>
            <gpxtpx:hr>166</gpxtpx:hr>
          </gpxtpx:TrackPointExtension>
        </extensions>
      </trkpt>
      <trkpt lat="35.65810009555508" lon="139.77602160233852">
        <ele>4.9757210155949</ele>
        <time>2025-08-11T10:39:51Z</time>
        <extensions>
          <gpxtpx:TrackPointExtension>
            <gpxtpx:hr>166</gpxtpx:hr>
          </gpxtpx:TrackPointExtension>
        </extensions>
      </trkpt>
      <trkpt lat="35.65815741411541" lon="139.77614413361695">
        <ele>3.8575447192415595</ele>
        <time>2025-08-11T10:39:55Z</time>
      </trkpt>
      <trkpt lat="35.65823616141764" lon="139.77623385535628">
        <ele>4.115800081752241</ele>
        <time>2025-08-11T10:39:59Z</time>
        <extensions>
          <gpxtpx:TrackPointExtension>
            <gpxtpx:hr>166</gpxtpx:hr>
          </gpxtpx:TrackPointExtension>
        </extensions>
      </trkpt>
      <trkpt lat="35.658290558079216" lon="139.77634149431682">
        <ele>5.68864828068763</ele>
        <time>2025-08-11T10:40:03.001000Z</time>
        <extensions>
          <gpxtpx:TrackPointExtension>
            <gpxtpx:hr>167</gpxtpx:hr>
          </gpxtpx:TrackPointExtension>
        </extensions>
      </trkpt>
      <trkpt lat="35.65837826602453" lon="139.77642798624552">
        <ele>5.751603341661394</ele>
        <time>2025-08-11T10:40:07.001000Z</time>
        <extensions>
          <gpxtpx:TrackPointExtension>
            <gpxtpx:hr>167</gpxtpx:hr>
          </gpxtpx:TrackPointExtension>
        </extensions>
      </trkpt>
      <trkpt lat="35.658422282208484" lon="139.7765317722135">
        <ele>4.182903395034373</ele>
        <time>2025-08-11T10:40:11.001000Z</time>
      </trkpt>
      <trkpt lat="35.65846016176822" lon="139.77666066984233">
        <ele>4.472878137603402</ele>
        <time>2025-08-11T10:40:15.001000Z</time>
        <extensions>
          <gpxtpx:TrackPointExtension>
            <gpxtpx:hr>167</gpxtpx:hr>
          </gpxtpx:TrackPointExtension>
        </extensions>
      </trkpt>
      <trkpt lat="35.658552472942645" lon="139.77669677298672">
        <ele>4.9556839838624</ele>
        <time>2025-08-11T10:40:18.001000Z</time>
        <extensions>
          <gpxtpx:TrackPointExtension>
            <gpxtpx:hr>165</gpxtpx:hr>
          </gpxtpx:TrackPointExtension>
        </extensions>
      </trkpt>
      <trkpt lat="35.65862591894542" lon="139.77678354847635">
        <ele>7.8422488905489445</ele>
        <time>2025-08-11T10:40:22.001000Z</time>
        <extensions>
          <gpxtpx:TrackPointExtension>
            <gpxtpx:hr>168</gpxtpx:hr>
          </gpxtpx:TrackPointExtension>
        </extensions>
      </trkpt>
      <trkpt lat="35.658686512546524" lon="139.77687494837522">
        <ele>9.704609314911067</ele>
        <time>2025-08-11T10:40:26.002000Z</time>
      </trkpt>
      <trkpt lat="35.6587680968801" lon="139.7769267823003">
        <ele>7.183154439553618</ele>
        <time>2025-08-11T10:40:29.002000Z</time>
        <extensions>
          <gpxtpx:TrackPointExtension>
            <gpxtpx:hr>168</gpxtpx:hr>
          </gpxtpx:TrackPointExtension>
        </extensions>
      </trkpt>
      <trkpt lat="35.65880224403467" lon="139.77706584690088">
        <ele>5.491490123793483</ele>
        <time>2025-08-11T10:40:32.002000Z</time>
        <extensions>
          <gpxtpx:TrackPointExtension>
            <gpxtpx:hr>171</gpxtpx:hr>
          </gpxtpx:TrackPointExtension>
        </extensions>
      </trkpt>
      <trkpt lat="35.65885709568946" lon="139.77717853387884">
        <ele>4.1828267546370625</ele>
        <time>2025-08-11T10:40:36.002000Z</time>
      </trkpt>
      <trkpt lat="35.658878404343476" lon="139.77729221516776">
        <ele>3.203700157813728</ele>
        <time>2025-08-11T10:40:40.002000Z</time>
        <extensions>
          <gpxtpx:TrackPointExtension>
            <gpxtpx:hr>173</gpxtpx:hr>
          </gpxtpx:TrackPointExtension>
        </extensions>
      </trkpt>
      <trkpt lat="35.65892355967049" lon="139.77740193525779">
        <ele>4.920831251889467</ele>
        <time>2025-08-11T10:40:44.002000Z</time>
      </trkpt>
      <trkpt lat="35.65901403344919" lon="139.7774777380374">
        <ele>4.78493632003665</ele>
        <time>2025-08-11T10:40:47.002000Z</time>
      </trkpt>
      <trkpt lat="35.65906753367047" lon="139.77756907138382">
        <ele>5.42891709972173</ele>
        <time>2025-08-11T10:40:51.002000Z</time>
        <extensions>
          <gpxtpx:TrackPointExtension>
            <gpxtpx:hr>173</gpxtpx:hr>
          </gpxtpx:TrackPointExtension>
        </extensions>
      </trkpt>
      <trkpt lat="35.65916492788672" lon="139.77757567950772">
        <ele>4.066830353811383</ele>
        <time>2025-08-11T10:40:58.003000Z</time>
        <extensions>
          <gpxtpx:TrackPointExtension>
            <gpxtpx:hr>178</gpxtpx:hr>
          </gpxtpx:TrackPointExtension>
        </extensions>
      </trkpt>
      <trkpt lat="35.659257759555864" lon="139.77750231266663">
        <ele>4.461221932433546</ele>
        <time>2025-08-11T10:41:02.003000Z</time>
        <extensions>
          <gpxtpx:TrackPointExtension>
            <gpxtpx:hr>176</gpxtpx:hr>
          </gpxtpx:TrackPointExtension>
        </extensions>
      </trkpt>
      <trkpt lat="35.65933691961335" lon="139.7774322920095">
        <ele>5.933446244336665</ele>
        <time>2025-08-11T10:41:06.003000Z</time>
      </trkpt>
      <trkpt lat="35.659416930138285" lon="139.77735010011386">
        <ele>4.551013198681176</ele>
        <time>2025-08-11T10:41:10.003000Z</time>
        <extensions>
          <gpxtpx:TrackPointExtension>
            <gpxtpx:hr>176</gpxtpx:hr>
          </gpxtpx:TrackPointExtension>
        </extensions>
      </trkpt>
      <trkpt lat="35.65952041928275" lon="139.77730520786525">
        <ele>4.298814609646797</ele>
        <time>2025-08-11T10:41:14.003000Z</time>
      </trkpt>
      <trkpt lat="35.65957458918654" lon="139.77719385281037">
        <ele>4.411788685247302</ele>
        <time>2025-08-11T10:41:17.003000Z</time>
      </trkpt>
      <trkpt lat="35.6596698537732" lon="139.77713257633312">
        <ele>2.6875673420727253</ele>
        <time>2025-08-11T10:41:21.003000Z</time>
        <extensions>
          <gpxtpx:TrackPointExtension>
            <gpxtpx:hr>176</gpxtpx:hr>
          </gpxtpx:TrackPointExtension>
        </extensions>
      </trkpt>
      <trkpt lat="35.659749808435706" lon="139.7770329005779">
        <ele>4.210817760787904</ele>
        <time>2025-08-11T10:41:25Z</time>
      </trkpt>
      <trkpt lat="35.659820717021724" lon="139.77695711450195">
        <ele>4.154994590207934</ele>
        <time>2025-08-11T10:41:28Z</time>
        <extensions>
          <gpxtpx:TrackPointExtension>
            <gpxtpx:hr>179</gpxtpx:hr>
          </gpxtpx:TrackPointExtension>
        </extensions>
      </trkpt>
      <trkpt lat="35.65991322347094" lon="139.77688793429107">
        <ele>4.42102381028235</ele>
        <time>2025-08-11T10:41:32Z</time>
      </trkpt>
      <trkpt lat="35.659973264806595" lon="139.77679020618032">
        <ele>3.7506755916401744</ele>
        <time>2025-08-11T10:41:35Z</time>
        <extensions>
          <gpxtpx:TrackPointExtension>
            <gpxtpx:hr>179</gpxtpx:hr>
          </gpxtpx:TrackPointExtension>
        </extensions>
      </trkpt>
      <trkpt lat="35.66003148192877" lon="139.77669584652224">
        <ele>5.866926589049399</ele>
        <time>2025-08-11T10:41:38Z</time>
        <extensions>
          <gpxtpx:TrackPointExtension>
            <gpxtpx:hr>178</gpxtpx:hr>
          </gpxtpx:TrackPointExtension>
        </extensions>
      </trkpt>
      <trkpt lat="35.66012765055238" lon="139.77666125479715">
        <ele>4.68078950047493</ele>
        <time>2025-08-11T10:41:41Z</time>
        <extensions>
          <gpxtpx:TrackPointExtension>
            <gpxtpx:hr>179</gpxtpx:hr>
          </gpxtpx:TrackPointExtension>
        </extensions>
      </trkpt>
      <trkpt lat="35.66018979239492" lon="139.7765592962717">
        <ele>5.418674281798303</ele>
        <time>2025-08-11T10:41:45Z</time>
        <extensions>
          <gpxtpx:TrackPointExtension>
            <gpxtpx:hr>179</gpxtpx:hr>
          </gpxtpx:TrackPointExtension>
        </extensions>
      </trkpt>
      <trkpt lat="35.66026548762474" lon="139.77649560843054">
        <ele>4.606828750111163</ele>
        <time>2025-08-11T10:41:48.001000Z</time>
      </trkpt>
      <trkpt lat="35.660338586494454" lon="139.77642574509574">
        <ele>4.559844474308193</ele>
        <time>2025-08-11T10:41:51.001000Z</time>
      </trkpt>
      <trkpt lat="35.66041161683685" lon="139.77634617360388">
        <ele>4.912172487005591</ele>
        <time>2025-08-11T10:41:54.001000Z</time>
        <extensions>
          <gpxtpx:TrackPointExtension>
            <gpxtpx:hr>181</gpxtpx:hr>
          </gpxtpx:TrackPointExtension>
        </extensions>
      </trkpt>
      <trkpt lat="35.66047535259702" lon="139.7762678033929">
        <ele>4.940192184410989</ele>
        <time>2025-08-11T10:41:57.001000Z</time>
        <extensions>
          <gpxtpx:TrackPointExtension>
            <gpxtpx:hr>180</gpxtpx:hr>
          </gpxtpx:TrackPointExtension>
        </extensions>
      </trkpt>
      <trkpt lat="35.66055444334582" lon="139.77617216538877">
        <ele>3.0791547931730747</ele>
        <time>2025-08-11T10:42:01.001000Z</time>
      </trkpt>
      <trkpt lat="35.660651146999236" lon="139.77615084101444">
        <ele>3.101736642420292</ele>
        <time>2025-08-11T10:42:05.001000Z</time>
        <extensions>
          <gpxtpx:TrackPointExtension>
            <gpxtpx:hr>181</gpxtpx:hr>
          </gpxtpx:TrackPointExtension>
        </extensions>
      </trkpt>
      <trkpt lat="35.66072746619119" lon="139.77607343583136">
        <ele>4.905564381740987</ele>
        <time>2025-08-11T10:42:09.001000Z</time>
        <extensions>
          <gpxtpx:TrackPointExtension>
            <gpxtpx:hr>182</gpxtpx:hr>
          </gpxtpx:TrackPointExtension>
        </extensions>
      </trkpt>
      <trkpt lat="35.66081222089196" lon="139.776009579904">
        <ele>5.380006811581552</ele>
        <time>2025-08-11T10:42:13.001000Z</time>
        <extensions>
          <gpxtpx:TrackPointExtension>
            <gpxtpx:hr>182</gpxtpx:hr>
          </gpxtpx:TrackPointExtension>
        </extensions>
      </trkpt>
      <trkpt lat="35.660850346534126" lon="139.77590009157092">
        <ele>5.821360870264471</ele>
        <time>2025-08-11T10:42:16.001000Z</time>
      </trkpt>
      <trkpt lat="35.66093062285838" lon="139.77584142063694">
        <ele>6.602971404790878</ele>
        <time>2025-08-11T10:42:19.001000Z</time>
        <extensions>
          <gpxtpx:TrackPointExtension>
            <gpxtpx:hr>183</gpxtpx:hr>
          </gpxtpx:TrackPointExtension>
        </extensions>
      </trkpt>
      <trkpt lat="35.661036040109515" lon="139.77579965403504">
        <ele>6.358378430828452</ele>
        <time>2025-08-11T10:42:23.001000Z</time>
        <extensions>
          <gpxtpx:TrackPointExtension>
            <gpxtpx:hr>183</gpxtpx:hr>
          </gpxtpx:TrackPointExtension>
        </extensions>
      </trkpt>
      <trkpt lat="35.661132372562896" lon="139.7757393280208">
        <ele>6.050444634631276</ele>
        <time>2025-08-11T10:42:27.002000Z</time>
        <extensions>
          <gpxtpx:TrackPointExtension>
            <gpxtpx:hr>183</gpxtpx:hr>
          </gpxtpx:TrackPointExtension>
        </extensions>
      </trkpt>
      <trkpt lat="35.66121865790567" lon="139.77565627833346">
        <ele>7.013162024319172</ele>
        <time>2025-08-11T10:42:31.002000Z</time>
      </trkpt>
      <trkpt lat="35.661289023712364" lon="139.7755848456695">
        <ele>7.715488011948764</ele>
        <time>2025-08-11T10:42:35.002000Z</time>
        <extensions>
          <gpxtpx:TrackPointExtension>
            <gpxtpx:hr>185</gpxtpx:hr>
          </gpxtpx:TrackPointExtension>
        </extensions>
      </trkpt>
      <trkpt lat="35.66138231591892" lon="139.77550668262552">
        <ele>6.220221000723541</ele>
        <time>2025-08-11T10:42:39.002000Z</time>
      </trkpt>
      <trkpt lat="35.66148871496969" lon="139.77545526224864">
        <ele>7.206429031677544</ele>
        <time>2025-08-11T10:42:43.002000Z</time>
        <extensions>
          <gpxtpx:TrackPointExtension>
            <gpxtpx:hr>184</gpxtpx:hr>
          </gpxtpx:TrackPointExtension>
        </extensions>
      </trkpt>
      <trkpt lat="35.66157898449602" lon="139.7753699640035">
        <ele>6.9855392053723335</ele>
        <time>2025-08-11T10:42:48.002000Z</time>
      </trkpt>
      <trkpt lat="35.66164881241898" lon="139.77527811611537">
        <ele>6.875642912462354</ele>
        <time>2025-08-11T10:42:52.002000Z</time>
        <extensions>
          <gpxtpx:TrackPointExtension>
            <gpxtpx:hr>185</gpxtpx:hr>
          </gpxtpx:TrackPointExtension>
        </extensions>
      </trkpt>
      <trkpt lat="35.661737380932344" lon="139.7752169437015">
        <ele>8.604883915744722</ele>
        <time>2025-08-11T10:42:56.002000Z</time>
        <extensions>
          <gpxtpx:TrackPointExtension>
            <gpxtpx:hr>185</gpxtpx:hr>
          </gpxtpx:TrackPointExtension>
        </extensions>
      </trkpt>
      <trkpt lat="35.66182224885194" lon="139.7751442818566">
        <ele>8.896462340839207</ele>
        <time>2025-08-11T10:43:01.002000Z</time>
        <extensions>
          <gpxtpx:TrackPointExtension>
            <gpxtpx:hr>185</gpxtpx:hr>
          </gpxtpx:TrackPointExtension>
        </extensions>
      </trkpt>
      <trkpt lat="35.66190275901736" lon="139.77507099166036">
        <ele>9.464248067699373</ele>
        <time>2025-08-11T10:43:05.003000Z</time>
        <extensions>
          <gpxtpx:TrackPointExtension>
            <gpxtpx:hr>185</gpxtpx:hr>
          </gpxtpx:TrackPointExtension>
        </extensions>
      </trkpt>
      <trkpt lat="35.66199825395005" lon="139.77501689665274">
        <ele>8.00041834358126</ele>
        <time>2025-08-11T10:43:09.003000Z</time>
        <extensions>
          <gpxtpx:TrackPointExtension>
            <gpxtpx:hr>186</gpxtpx:hr>
          </gpxtpx:TrackPointExtension>
        </extensions>
      </trkpt>
      <trkpt lat="35.662050837659415" lon="139.7749239706773">
        <ele>8.5443383352831</ele>
        <time>2025-08-11T10:43:12.003000Z</time>
        <extensions>
          <gpxtpx:TrackPointExtension>
            <gpxtpx:hr>186</gpxtpx:hr>
          </gpxtpx:TrackPointExtension>
        </extensions>
      </trkpt>
      <trkpt lat="35.662139729046636" lon="139.77485733333134">
        <ele>7.066598666831851</ele>
        <time>2025-08-11T10:43:16.003000Z</time>
      </trkpt>
      <trkpt lat="35.66222604899848" lon="139.7747704410434">
        <ele>7.5483608758077025</ele>
        <time>2025-08-11T10:43:20.003000Z</time>
        <extensions>
          <gpxtpx:TrackPointExtension>
            <gpxtpx:hr>186</gpxtpx:hr>
          </gpxtpx:TrackPointExtension>
        </extensions>
      </trkpt>
      <trkpt lat="35.662311575428944" lon="139.77470214848884">
        <ele>7.930401172488928</ele>
        <time>2025-08-11T10:43:24.003000Z</time>
        <extensions>
          <gpxtpx:TrackPointExtension>
            <gpxtpx:hr>187</gpxtpx:hr>
          </gpxtpx:TrackPointExtension>
        </extensions>
      </trkpt>
      <trkpt lat="35.66237145075809" lon="139.77461806791325">
        <ele>7.730712352320552</ele>
        <time>2025-08-11T10:43:28.002000Z</time>
        <extensions>
          <gpxtpx:TrackPointExtension>
            <gpxtpx:hr>187</gpxtpx:hr>
          </gpxtpx:TrackPointExtension>
        </extensions>
      </trkpt>
      <trkpt lat="35.66243525148222" lon="139.7745246696374">
        <ele>8.932509845122695</ele>
        <time>2025-08-11T10:43:32.002000Z</time>
        <extensions>
          <gpxtpx:TrackPointExtension>
            <gpxtpx:hr>187</gpxtpx:hr>
          </gpxtpx:TrackPointExtension>
        </extensions>
      </trkpt>
      <trkpt lat="35.66252178142155" lon="139.77446272633622">
        <ele>7.437769006937742</ele>
        <time>2025-08-11T10:43:35.002000Z</time>
      </trkpt>
      <trkpt lat="35.66262398636182" lon="139.7744002916034">
        <ele>7.618121422827244</ele>
        <time>2025-08-11T10:43:39.001000Z</time>
        <extensions>
          <gpxtpx:TrackPointExtension>
            <gpxtpx:hr>187</gpxtpx:hr>
          </gpxtpx:TrackPointExtension>
        </extensions>
      </trkpt>
      <trkpt lat="35.662690531539454" lon="139.7743240670264">
        <ele>7.2260858584195375</ele>
        <time>2025-08-11T10:43:42.001000Z</time>
      </trkpt>
      <trkpt lat="35.66277524757793" lon="139.77424638224764">
        <ele>8.502871796488762</ele>
        <time>2025-08-11T10:43:46.001000Z</time>
        <extensions>
          <gpxtpx:TrackPointExtension>
            <gpxtpx:hr>187</gpxtpx:hr>
          </gpxtpx:TrackPointExtension>
        </extensions>
      </trkpt>
      <trkpt lat="35.66285481817481" lon="139.7741860180182">
        <ele>6.739095028489828</ele>
        <time>2025-08-11T10:43:49.001000Z</time>
      </trkpt>
      <trkpt lat="35.662933608692335" lon="139.77412853355955">
        <ele>5.5895841689780354</ele>
        <time>2025-08-11T10:43:52.001000Z</time>
      </trkpt>
      <trkpt lat="35.6630144465101" lon="139.7740387184793">
        <ele>6.525738109834492</ele>
        <time>2025-08-11T10:43:56.001000Z</time>
        <extensions>
          <gpxtpx:TrackPointExtension>
            <gpxtpx:hr>186</gpxtpx:hr>
          </gpxtpx:TrackPointExtension>
        </extensions>
      </trkpt>
      <trkpt lat="35.66311849642928" lon="139.7739846908101">
        <ele>5.845948432572186</ele>
        <time>2025-08-11T10:44:00.001000Z</time>
      </trkpt>
      <trkpt lat="35.66318309314202" lon="139.77388330143168">
        <ele>5.999681668356061</ele>
        <time>2025-08-11T10:44:03.001000Z</time>
      </trkpt>
      <trkpt lat="35.66324866960715" lon="139.77378887227468">
        <ele>7.219215365126729</ele>
        <time>2025-08-11T10:44:06.001000Z</time>
        <extensions>
          <gpxtpx:TrackPointExtension>
            <gpxtpx:hr>186</gpxtpx:hr>
          </gpxtpx:TrackPointExtension>
        </extensions>
      </trkpt>
      <trkpt lat="35.6633395010324" lon="139.77370032230425">
        <ele>6.401538010686636</ele>
        <time>2025-08-11T10:44:10.001000Z</time>
        <extensions>
          <gpxtpx:TrackPointExtension>
            <gpxtpx:hr>187</gpxtpx:hr>
          </gpxtpx:TrackPointExtension>
        </extensions>
      </trkpt>
      <trkpt lat="35.66341405024122" lon="139.77359387120083">
        <ele>6.188545774668455</ele>
        <time>2025-08-11T10:44:14.001000Z</time>
        <extensions>
          <gpxtpx:TrackPointExtension>
            <gpxtpx:hr>187</gpxtpx:hr>
          </gpxtpx:TrackPointExtension>
        </extensions>
      </trkpt>
      <trkpt lat="35.66349064204651" lon="139.77351614518014">
        <ele>6.422879509627819</ele>
        <time>2025-08-11T10:44:18.001000Z</time>
        <extensions>
          <gpxtpx:TrackPointExtension>
            <gpxtpx:hr>187</gpxtpx:hr>
          </gpxtpx:TrackPointExtension>
        </extensions>
      </trkpt>
      <trkpt lat="35.6635669094273" lon="139.77342632403776">
        <ele>5.300603844225407</ele>
        <time>2025-08-11T10:44:23.001000Z</time>
      </trkpt>
      <trkpt lat="35.66362807594262" lon="139.77333869081457">
        <ele>5.579549808986485</ele>
        <time>2025-08-11T10:44:27.001000Z</time>
        <extensions>
          <gpxtpx:TrackPointExtension>
            <gpxtpx:hr>187</gpxtpx:hr>
          </gpxtpx:TrackPointExtension>
        </extensions>
      </trkpt>
      <trkpt lat="35.663695831025315" lon="139.7732632471625">
        <ele>5.555438846349716</ele>
        <time>2025-08-11T10:44:31.001000Z</time>
        <extensions>
          <gpxtpx:TrackPointExtension>
            <gpxtpx:hr>187</gpxtpx:hr>
          </gpxtpx:TrackPointExtension>
        </extensions>
      </trkpt>
      <trkpt lat="35.66378561869436" lon="139.77318416884995">
        <ele>6.566274463199079</ele>
        <time>2025-08-11T10:44:36.001000Z</time>
        <extensions>
          <gpxtpx:TrackPointExtension>
            <gpxtpx:hr>187</gpxtpx:hr>
          </gpxtpx:TrackPointExtension>
        </extensions>
      </trkpt>
      <trkpt lat="35.66385089021785" lon="139.7731018818195">
        <ele>5.560096717439592</ele>
        <time>2025-08-11T10:44:40.002000Z</time>
      </trkpt>
      <trkpt lat="35.66391073112328" lon="139.7730153751059">
        <ele>4.863818056881428</ele>
        <time>2025-08-11T10:44:44.002000Z</time>
        <extensions>
          <gpxtpx:TrackPointExtension>
            <gpxtpx:hr>187</gpxtpx:hr>
          </gpxtpx:TrackPointExtension>
        </extensions>
      </trkpt>
      <trkpt lat="35.66398570954321" lon="139.7729300499329">
        <ele>4.607281843200326</ele>
        <time>2025-08-11T10:44:48.002000Z</time>
      </trkpt>
      <trkpt lat="35.66405409746147" lon="139.77284401514652">
        <ele>4.328687605448067</ele>
        <time>2025-08-11T10:44:52.002000Z</time>
        <extensions>
          <gpxtpx:TrackPointExtension>
            <gpxtpx:hr>187</gpxtpx:hr>
          </gpxtpx:TrackPointExtension>
        </extensions>
      </trkpt>
      <trkpt lat="35.66412880149905" lon="139.77275106779982">
        <ele>3.874840136617422</ele>
        <time>2025-08-11T10:44:56.002000Z</time>
      </trkpt>
      <trkpt lat="35.66420618218683" lon="139.7726560438663">
        <ele>4.406561629846692</ele>
        <time>2025-08-11T10:45:00.002000Z</time>
        <extensions>
          <gpxtpx:TrackPointExtension>
            <gpxtpx:hr>187</gpxtpx:hr>
          </gpxtpx:TrackPointExtension>
        </extensions>
      </trkpt>
      <trkpt lat="35.664493270010105" lon="139.7723435465244">
        <ele>6.81342784781009</ele>
        <time>2025-08-11T10:46:04.001000Z</time>
        <extensions>
          <gpxtpx:TrackPointExtension>
            <gpxtpx:hr>167</gpxtpx:hr>
          </gpxtpx:TrackPointExtension>
        </extensions>
      </trkpt>
      <trkpt lat="35.66458620352638" lon="139.77223074853814">
        <ele>6.810291085392237</ele>
        <time>2025-08-11T10:46:07.001000Z</time>
        <extensions>
          <gpxtpx:TrackPointExtension>
            <gpxtpx:hr>166</gpxtpx:hr>
          </gpxtpx:TrackPointExtension>
        </extensions>
      </trkpt>
      <trkpt lat="35.664672864264105" lon="139.7721561003524">
        <ele>6.277925064787269</ele>
        <time>2025-08-11T10:46:10.001000Z</time>
        <extensions>
          <gpxtpx:TrackPointExtension>
            <gpxtpx:hr>164</gpxtpx:hr>
          </gpxtpx:TrackPointExtension>
        </extensions>
      </trkpt>
      <trkpt lat="35.66476675321257" lon="139.7721108343304">
        <ele>5.484473236836493</ele>
        <time>2025-08-11T10:46:13.001000Z</time>
      </trkpt>
      <trkpt lat="35.66486151018922" lon="139.77201842849004">
        <ele>6.4306514067575336</ele>
        <time>2025-08-11T10:46:17.001000Z</time>
      </trkpt>
      <trkpt lat="35.66493358741972" lon="139.77192626132396">
        <ele>5.992456331849098</ele>
        <time>2025-08-11T10:46:21.001000Z</time>
        <extensions>
          <gpxtpx:TrackPointExtension>
            <gpxtpx:hr>171</gpxtpx:hr>
          </gpxtpx:TrackPointExtension>
        </extensions>
      </trkpt>
      <trkpt lat="35.665019698949756" lon="139.77184770700532">
        <ele>5.332670227624476</ele>
        <time>2025-08-11T10:46:25.001000Z</time>
        <extensions>
          <gpxtpx:TrackPointExtension>
            <gpxtpx:hr>174</gpxtpx:hr>
          </gpxtpx:TrackPointExtension>
        </extensions>
      </trkpt>
      <trkpt lat="35.66510392170906" lon="139.7717918788806">
        <ele>5.8207111563533545</ele>
        <time>2025-08-11T10:46:28.001000Z</time>
        <extensions>
          <gpxtpx:TrackPointExtension>
            <gpxtpx:hr>176</gpxtpx:hr>
          </gpxtpx:TrackPointExtension>
        </extensions>
      </trkpt>
      <trkpt lat="35.66518924606558" lon="139.77172298333147">
        <ele>5.684555860236287</ele>
        <time>2025-08-11T10:46:31.001000Z</time>
        <extensions>
          <gpxtpx:TrackPointExtension>
            <gpxtpx:hr>178</gpxtpx:hr>
          </gpxtpx:TrackPointExtension>
        </extensions>
      </trkpt>
      <trkpt lat="35.665268129572446" lon="139.77163284203365">
        <ele>5.647930170409381</ele>
        <time>2025-08-11T10:46:35.001000Z</time>
      </trkpt>
      <trkpt lat="35.66535121885247" lon="139.7715671877148">
        <ele>5.90572998020798</ele>
        <time>2025-08-11T10:46:38.001000Z</time>
        <extensions>
          <gpxtpx:TrackPointExtension>
            <gpxtpx:hr>181</gpxtpx:hr>
          </gpxtpx:TrackPointExtension>
        </extensions>
      </trkpt>
      <trkpt lat="35.66545466639173" lon="139.77148179717454">
        <ele>5.760347500443459</ele>
        <time>2025-08-11T10:46:41.001000Z</time>
      </trkpt>
      <trkpt lat="35.66551418937522" lon="139.7713841761126">
        <ele>6.240171962417662</ele>
        <time>2025-08-11T10:46:44.001000Z</time>
        <extensions>
          <gpxtpx:TrackPointExtension>
            <gpxtpx:hr>184</gpxtpx:hr>
          </gpxtpx:TrackPointExtension>
        </extensions>
      </trkpt>
      <trkpt lat="35.66559138746215" lon="139.77131483707083">
        <ele>6.855900421738625</ele>
        <time>2025-08-11T10:46:47.001000Z</time>
        <extensions>
          <gpxtpx:TrackPointExtension>
            <gpxtpx:hr>184</gpxtpx:hr>
          </gpxtpx:TrackPointExtension>
        </extensions>
      </trkpt>
      <trkpt lat="35.665700994618234" lon="139.77127306397244">
        <ele>6.671040249988437</ele>
        <time>2025-08-11T10:46:51.001000Z</time>
        <extensions>
          <gpxtpx:TrackPointExtension>
            <gpxtpx:hr>184</gpxtpx:hr>
          </gpxtpx:TrackPointExtension>
        </extensions>
      </trkpt>
      <trkpt lat="35.66576700553066" lon="139.77117071153904">
        <ele>5.784247820265591</ele>
        <time>2025-08-11T10:46:54.001000Z</time>
      </trkpt>
      <trkpt lat="35.66585450574284" lon="139.77107883821662">
        <ele>4.709817843511701</ele>
        <time>2025-08-11T10:46:58.001000Z</time>
        <extensions>
          <gpxtpx:TrackPointExtension>
            <gpxtpx:hr>185</gpxtpx:hr>
          </gpxtpx:TrackPointExtension>
        </extensions>
      </trkpt>
      <trkpt lat="35.665923667396065" lon="139.77097949747002">
        <ele>4.891653619706631</ele>
        <time>2025-08-11T10:47:02.001000Z</time>
        <extensions>
          <gpxtpx:TrackPointExtension>
            <gpxtpx:hr>186</gpxtpx:hr>
          </gpxtpx:TrackPointExtension>
        </extensions>
      </trkpt>
      <trkpt lat="35.66599620959168" lon="139.77088683248945">
        <ele>6.245546608231962</ele>
        <time>2025-08-11T10:47:06.002000Z</time>
        <extensions>
          <gpxtpx:TrackPointExtension>
            <gpxtpx:hr>187</gpxtpx:hr>
          </gpxtpx:TrackPointExtension>
        </extensions>
      </trkpt>
      <trkpt lat="35.66606881004963" lon="139.77079088760433">
        <ele>5.195951731875539</ele>
        <time>2025-08-11T10:47:10.002000Z</time>
        <extensions>
          <gpxtpx:TrackPointExtension>
            <gpxtpx:hr>188</gpxtpx:hr>
          </gpxtpx:TrackPointExtension>
        </extensions>
      </trkpt>
      <trkpt lat="35.66616082127192" lon="139.77074183896133">
        <ele>5.029640353284776</ele>
        <time>2025-08-11T10:47:14.002000Z</time>
      </trkpt>
      <trkpt lat="35.66623579913804" lon="139.77064931190677">
        <ele>6.736168744042516</ele>
        <time>2025-08-11T10:47:18.002000Z</time>
        <extensions>
          <gpxtpx:TrackPointExtension>
            <gpxtpx:hr>188</gpxtpx:hr>
          </gpxtpx:TrackPointExtension>
        </extensions>
      </trkpt>
      <trkpt lat="35.66633638914436" lon="139.77044410070215">
        <ele>5.979480887763202</ele>
        <time>2025-08-11T10:49:05.001000Z</time>
        <extensions>
          <gpxtpx:TrackPointExtension>
            <gpxtpx:hr>148</gpxtpx:hr>
          </gpxtpx:TrackPointExtension>
        </extensions>
      </trkpt>
      <trkpt lat="35.666426983353205" lon="139.770357975127">
        <ele>5.627498286776245</ele>
        <time>2025-08-11T10:49:09.001000Z</time>
        <extensions>
          <gpxtpx:TrackPointExtension>
            <gpxtpx:hr>147</gpxtpx:hr>
          </gpxtpx:TrackPointExtension>
        </extensions>
      </trkpt>
      <trkpt lat="35.66652200345428" lon="139.77030452671605">
        <ele>5.702420429326594</ele>
        <time>2025-08-11T10:49:14.001000Z</time>
        <extensions>
          <gpxtpx:TrackPointExtension>
            <gpxtpx:hr>149</gpxtpx:hr>
          </gpxtpx:TrackPointExtension>
        </extensions>
      </trkpt>
      <trkpt lat="35.66661756004903" lon="139.7702680648007">
        <ele>4.110695557668805</ele>
        <time>2025-08-11T10:49:19.001000Z</time>
        <extensions>
          <gpxtpx:TrackPointExtension>
            <gpxtpx:hr>155</gpxtpx:hr>
          </gpxtpx:TrackPointExtension>
        </extensions>
      </trkpt>
      <trkpt lat="35.66668440979648" lon="139.77016383292">
        <ele>2.0123673444613814</ele>
        <time>2025-08-11T10:49:24.001000Z</time>
        <extensions>
          <gpxtpx:TrackPointExtension>
            <gpxtpx:hr>156</gpxtpx:hr>
          </gpxtpx:TrackPointExtension>
        </extensions>
      </trkpt>
      <trkpt lat="35.666750200754926" lon="139.77007587668126">
        <ele>3.410868640989065</ele>
        <time>2025-08-11T10:49:28.002000Z</time>
        <extensions>
          <gpxtpx:TrackPointExtension>
            <gpxtpx:hr>160</gpxtpx:hr>
          </gpxtpx:TrackPointExtension>
        </extensions>
      </trkpt>
      <trkpt lat="35.66683221927118" lon="139.77000375485545">
        <ele>3.6119735930114985</ele>
        <time>2025-08-11T10:49:32.002000Z</time>
      </trkpt>
      <trkpt lat="35.66691154498968" lon="139.7699485856809">
        <ele>3.3363334611058235</ele>
        <time>2025-08-11T10:49:35.002000Z</time>
        <extensions>
          <gpxtpx:TrackPointExtension>
            <gpxtpx:hr>165</gpxtpx:hr>
          </gpxtpx:TrackPointExtension>
        </extensions>
      </trkpt>
      <trkpt lat="35.666967780736094" lon="139.7698594933491">
        <ele>3.44674604665488</ele>
        <time>2025-08-11T10:49:37.002000Z</time>
      </trkpt>
      <trkpt lat="35.66703703686362" lon="139.76977285085675">
        <ele>4.489473227411509</ele>
        <time>2025-08-11T10:49:40.002000Z</time>
        <extensions>
          <gpxtpx:TrackPointExtension>
            <gpxtpx:hr>167</gpxtpx:hr>
          </gpxtpx:TrackPointExtension>
        </extensions>
      </trkpt>
      <trkpt lat="35.667104863311096" lon="139.76969468799825">
        <ele>3.974282145500183</ele>
        <time>2025-08-11T10:49:43.002000Z</time>
      </trkpt>
      <trkpt lat="35.667161946593396" lon="139.76959787343367">
        <ele>3.5910063479095697</ele>
        <time>2025-08-11T10:49:45.999000Z</time>
      </trkpt>
      <trkpt lat="35.66724445758859" lon="139.769518939616">
        <ele>4.285156252793968</ele>
        <time>2025-08-11T10:49:48.999000Z</time>
        <extensions>
          <gpxtpx:TrackPointExtension>
            <gpxtpx:hr>170</gpxtpx:hr>
          </gpxtpx:TrackPointExtension>
        </extensions>
      </trkpt>
      <trkpt lat="35.66732107532152" lon="139.76944245771207">
        <ele>4.393801424652338</ele>
        <time>2025-08-11T10:49:51.999000Z</time>
        <extensions>
          <gpxtpx:TrackPointExtension>
            <gpxtpx:hr>170</gpxtpx:hr>
          </gpxtpx:TrackPointExtension>
        </extensions>
      </trkpt>
      <trkpt lat="35.66738936384488" lon="139.76936837810965">
        <ele>4.580526401288807</ele>
        <time>2025-08-11T10:49:54.999000Z</time>
      </trkpt>
      <trkpt lat="35.66745753038688" lon="139.76927386852236">
        <ele>4.979062365368009</ele>
        <time>2025-08-11T10:49:57.999000Z</time>
        <extensions>
          <gpxtpx:TrackPointExtension>
            <gpxtpx:hr>170</gpxtpx:hr>
          </gpxtpx:TrackPointExtension>
        </extensions>
      </trkpt>
      <trkpt lat="35.66754458499086" lon="139.76919606070504">
        <ele>4.782346627674997</ele>
        <time>2025-08-11T10:50:01.999000Z</time>
      </trkpt>
      <trkpt lat="35.667633921210715" lon="139.769097336109">
        <ele>5.245294933207333</ele>
        <time>2025-08-11T10:50:05.999000Z</time>
        <extensions>
          <gpxtpx:TrackPointExtension>
            <gpxtpx:hr>174</gpxtpx:hr>
          </gpxtpx:TrackPointExtension>
        </extensions>
      </trkpt>
      <trkpt lat="35.6677066710609" lon="139.76901252788548">
        <ele>4.6461889101192355</ele>
        <time>2025-08-11T10:50:08.999000Z</time>
        <extensions>
          <gpxtpx:TrackPointExtension>
            <gpxtpx:hr>176</gpxtpx:hr>
          </gpxtpx:TrackPointExtension>
        </extensions>
      </trkpt>
      <trkpt lat="35.667788813985936" lon="139.76892730643578">
        <ele>4.369038134813309</ele>
        <time>2025-08-11T10:50:13Z</time>
        <extensions>
          <gpxtpx:TrackPointExtension>
            <gpxtpx:hr>178</gpxtpx:hr>
          </gpxtpx:TrackPointExtension>
        </extensions>
      </trkpt>
      <trkpt lat="35.667868918841734" lon="139.76885540571507">
        <ele>4.427240241318941</ele>
        <time>2025-08-11T10:50:17Z</time>
        <extensions>
          <gpxtpx:TrackPointExtension>
            <gpxtpx:hr>180</gpxtpx:hr>
          </gpxtpx:TrackPointExtension>
        </extensions>
      </trkpt>
      <trkpt lat="35.66794613266027" lon="139.7687743959015">
        <ele>4.545585976913571</ele>
        <time>2025-08-11T10:50:21Z</time>
      </trkpt>
      <trkpt lat="35.668146286385266" lon="139.76850766512194">
        <ele>5.5642406065016985</ele>
        <time>2025-08-11T10:51:15.001000Z</time>
        <extensions>
          <gpxtpx:TrackPointExtension>
            <gpxtpx:hr>175</gpxtpx:hr>
          </gpxtpx:TrackPointExtension>
        </extensions>
      </trkpt>
      <trkpt lat="35.66822530880283" lon="139.768433543867">
        <ele>4.720155386254191</ele>
        <time>2025-08-11T10:51:18.001000Z</time>
        <extensions>
          <gpxtpx:TrackPointExtension>
            <gpxtpx:hr>171</gpxtpx:hr>
          </gpxtpx:TrackPointExtension>
        </extensions>
      </trkpt>
      <trkpt lat="35.6683006904865" lon="139.76833239342338">
        <ele>4.608707342296839</ele>
        <time>2025-08-11T10:51:22.001000Z</time>
        <extensions>
          <gpxtpx:TrackPointExtension>
            <gpxtpx:hr>170</gpxtpx:hr>
          </gpxtpx:TrackPointExtension>
        </extensions>
      </trkpt>
      <trkpt lat="35.66836424978967" lon="139.7682527932486">
        <ele>5.1616748766973615</ele>
        <time>2025-08-11T10:51:25.001000Z</time>
      </trkpt>
      <trkpt lat="35.671096467305354" lon="139.7648193850818">
        <ele>5.861861719749868</ele>
        <time>2025-08-11T10:54:46.001000Z</time>
        <extensions>
          <gpxtpx:TrackPointExtension>
            <gpxtpx:hr>176</gpxtpx:hr>
          </gpxtpx:TrackPointExtension>
        </extensions>
      </trkpt>
      <trkpt lat="35.671189276546635" lon="139.76478492015795">
        <ele>5.011096379719675</ele>
        <time>2025-08-11T10:54:52.001000Z</time>
        <extensions>
          <gpxtpx:TrackPointExtension>
            <gpxtpx:hr>169</gpxtpx:hr>
          </gpxtpx:TrackPointExtension>
        </extensions>
      </trkpt>
      <trkpt lat="35.67123177735853" lon="139.76467133358287">
        <ele>4.363118894398212</ele>
        <time>2025-08-11T10:54:57.001000Z</time>
        <extensions>
          <gpxtpx:TrackPointExtension>
            <gpxtpx:hr>169</gpxtpx:hr>
          </gpxtpx:TrackPointExtension>
        </extensions>
      </trkpt>
      <trkpt lat="35.67134414973887" lon="139.76458984391334">
        <ele>3.728706425987184</ele>
        <time>2025-08-11T10:55:01.001000Z</time>
      </trkpt>
      <trkpt lat="35.67142915469283" lon="139.7644999332861">
        <ele>4.725637314841151</ele>
        <time>2025-08-11T10:55:04.001000Z</time>
        <extensions>
          <gpxtpx:TrackPointExtension>
            <gpxtpx:hr>170</gpxtpx:hr>
          </gpxtpx:TrackPointExtension>
        </extensions>
      </trkpt>
      <trkpt lat="35.67150084115462" lon="139.76441317646783">
        <ele>4.6391314985230565</ele>
        <time>2025-08-11T10:55:07.001000Z</time>
        <extensions>
          <gpxtpx:TrackPointExtension>
            <gpxtpx:hr>171</gpxtpx:hr>
          </gpxtpx:TrackPointExtension>
        </extensions>
      </trkpt>
      <trkpt lat="35.67158402572948" lon="139.76434434379925">
        <ele>5.042099370621145</ele>
        <time>2025-08-11T10:55:10.001000Z</time>
      </trkpt>
      <trkpt lat="35.671650719179986" lon="139.76424057374433">
        <ele>4.576645701192319</ele>
        <time>2025-08-11T10:55:14.002000Z</time>
        <extensions>
          <gpxtpx:TrackPointExtension>
            <gpxtpx:hr>174</gpxtpx:hr>
          </gpxtpx:TrackPointExtension>
        </extensions>
      </trkpt>
      <trkpt lat="35.67172655105993" lon="139.76411932776477">
        <ele>5.259919343516231</ele>
        <time>2025-08-11T10:55:18.002000Z</time>
        <extensions>
          <gpxtpx:TrackPointExtension>
            <gpxtpx:hr>177</gpxtpx:hr>
          </gpxtpx:TrackPointExtension>
        </extensions>
      </trkpt>
      <trkpt lat="35.671778774631" lon="139.76400873147492">
        <ele>4.554800043813884</ele>
        <time>2025-08-11T10:55:22.002000Z</time>
      </trkpt>
      <trkpt lat="35.67185088973541" lon="139.76392885308016">
        <ele>5.178566720336676</ele>
        <time>2025-08-11T10:55:25.002000Z</time>
        <extensions>
          <gpxtpx:TrackPointExtension>
            <gpxtpx:hr>180</gpxtpx:hr>
          </gpxtpx:TrackPointExtension>
        </extensions>
      </trkpt>
      <trkpt lat="35.67191110649301" lon="139.76383892188676">
        <ele>4.770548579283059</ele>
        <time>2025-08-11T10:55:28.002000Z</time>
        <extensions>
          <gpxtpx:TrackPointExtension>
            <gpxtpx:hr>180</gpxtpx:hr>
          </gpxtpx:TrackPointExtension>
        </extensions>
      </trkpt>
      <trkpt lat="35.67199588762673" lon="139.763762382939">
        <ele>4.904089248739183</ele>
        <time>2025-08-11T10:55:31.002000Z</time>
      </trkpt>
      <trkpt lat="35.672065776838686" lon="139.76363612211645">
        <ele>5.402169297449291</ele>
        <time>2025-08-11T10:55:35.002000Z</time>
        <extensions>
          <gpxtpx:TrackPointExtension>
            <gpxtpx:hr>182</gpxtpx:hr>
          </gpxtpx:TrackPointExtension>
        </extensions>
      </trkpt>
      <trkpt lat="35.67216148467749" lon="139.76357885340113">
        <ele>5.005541693419218</ele>
        <time>2025-08-11T10:55:40.002000Z</time>
        <extensions>
          <gpxtpx:TrackPointExtension>
            <gpxtpx:hr>183</gpxtpx:hr>
          </gpxtpx:TrackPointExtension>
        </extensions>
      </trkpt>
      <trkpt lat="35.67223874473815" lon="139.76347883949225">
        <ele>4.183000538498163</ele>
        <time>2025-08-11T10:55:44.002000Z</time>
        <extensions>
          <gpxtpx:TrackPointExtension>
            <gpxtpx:hr>184</gpxtpx:hr>
          </gpxtpx:TrackPointExtension>
        </extensions>
      </trkpt>
      <trkpt lat="35.67233400452382" lon="139.76347172179737">
        <ele>3.06130531989038</ele>
        <time>2025-08-11T10:55:47.002000Z</time>
        <extensions>
          <gpxtpx:TrackPointExtension>
            <gpxtpx:hr>184</gpxtpx:hr>
          </gpxtpx:TrackPointExtension>
        </extensions>
      </trkpt>
      <trkpt lat="35.6724364307374" lon="139.76344496462562">
        <ele>4.1427847826853395</ele>
        <time>2025-08-11T10:55:50.002000Z</time>
      </trkpt>
      <trkpt lat="35.67251460447504" lon="139.76337936368782">
        <ele>4.086441713385284</ele>
        <time>2025-08-11T10:55:54.002000Z</time>
        <extensions>
          <gpxtpx:TrackPointExtension>
            <gpxtpx:hr>182</gpxtpx:hr>
          </gpxtpx:TrackPointExtension>
        </extensions>
      </trkpt>
      <trkpt lat="35.67260840731091" lon="139.76331741194673">
        <ele>4.701007385738194</ele>
        <time>2025-08-11T10:55:59.003000Z</time>
        <extensions>
          <gpxtpx:TrackPointExtension>
            <gpxtpx:hr>182</gpxtpx:hr>
          </gpxtpx:TrackPointExtension>
        </extensions>
      </trkpt>
      <trkpt lat="35.67269551279439" lon="139.76325882173643">
        <ele>5.557003014720976</ele>
        <time>2025-08-11T10:56:03.999000Z</time>
        <extensions>
          <gpxtpx:TrackPointExtension>
            <gpxtpx:hr>184</gpxtpx:hr>
          </gpxtpx:TrackPointExtension>
        </extensions>
      </trkpt>
      <trkpt lat="35.672786096874525" lon="139.76320600536516">
        <ele>5.829763871617615</ele>
        <time>2025-08-11T10:56:07.999000Z</time>
        <extensions>
          <gpxtpx:TrackPointExtension>
            <gpxtpx:hr>186</gpxtpx:hr>
          </gpxtpx:TrackPointExtension>
        </extensions>
      </trkpt>
      <trkpt lat="35.6728348961151" lon="139.7630722770563">
        <ele>6.432299965061247</ele>
        <time>2025-08-11T10:56:12.999000Z</time>
      </trkpt>
      <trkpt lat="35.67289397332307" lon="139.76296678793685">
        <ele>7.060378544963896</ele>
        <time>2025-08-11T10:56:18.999000Z</time>
        <extensions>
          <gpxtpx:TrackPointExtension>
            <gpxtpx:hr>187</gpxtpx:hr>
          </gpxtpx:TrackPointExtension>
        </extensions>
      </trkpt>
      <trkpt lat="35.672958228382775" lon="139.76285888508497">
        <ele>7.103689891286194</ele>
        <time>2025-08-11T10:56:23.999000Z</time>
        <extensions>
          <gpxtpx:TrackPointExtension>
            <gpxtpx:hr>187</gpxtpx:hr>
          </gpxtpx:TrackPointExtension>
        </extensions>
      </trkpt>
      <trkpt lat="35.67301544591953" lon="139.7627666219025">
        <ele>4.639601891860366</ele>
        <time>2025-08-11T10:56:28.999000Z</time>
        <extensions>
          <gpxtpx:TrackPointExtension>
            <gpxtpx:hr>188</gpxtpx:hr>
          </gpxtpx:TrackPointExtension>
        </extensions>
      </trkpt>
      <trkpt lat="35.673087959457696" lon="139.76265618173528">
        <ele>5.647846094332635</ele>
        <time>2025-08-11T10:56:33Z</time>
        <extensions>
          <gpxtpx:TrackPointExtension>
            <gpxtpx:hr>188</gpxtpx:hr>
          </gpxtpx:TrackPointExtension>
        </extensions>
      </trkpt>
      <trkpt lat="35.673170618901516" lon="139.76256906726064">
        <ele>7.2289173705503345</ele>
        <time>2025-08-11T10:56:38Z</time>
        <extensions>
          <gpxtpx:TrackPointExtension>
            <gpxtpx:hr>187</gpxtpx:hr>
          </gpxtpx:TrackPointExtension>
        </extensions>
      </trkpt>
      <trkpt lat="35.67325448982934" lon="139.7624759940126">
        <ele>6.791432240977883</ele>
        <time>2025-08-11T10:56:42Z</time>
        <extensions>
          <gpxtpx:TrackPointExtension>
            <gpxtpx:hr>188</gpxtpx:hr>
          </gpxtpx:TrackPointExtension>
        </extensions>
      </trkpt>
      <trkpt lat="35.67332219059175" lon="139.76239891797536">
        <ele>6.170479631051421</ele>
        <time>2025-08-11T10:56:46Z</time>
        <extensions>
          <gpxtpx:TrackPointExtension>
            <gpxtpx:hr>188</gpxtpx:hr>
          </gpxtpx:TrackPointExtension>
        </extensions>
      </trkpt>
      <trkpt lat="35.673382811804046" lon="139.7623113887054">
        <ele>6.714037501253188</ele>
        <time>2025-08-11T10:56:50Z</time>
        <extensions>
          <gpxtpx:TrackPointExtension>
            <gpxtpx:hr>188</gpxtpx:hr>
          </gpxtpx:TrackPointExtension>
        </extensions>
      </trkpt>
      <trkpt lat="35.67345670198297" lon="139.7622169430839">
        <ele>5.510484744794667</ele>
        <time>2025-08-11T10:56:55Z</time>
      </trkpt>
      <trkpt lat="35.67352056498779" lon="139.76212677468544">
        <ele>4.982639053836465</ele>
        <time>2025-08-11T10:56:59.001000Z</time>
        <extensions>
          <gpxtpx:TrackPointExtension>
            <gpxtpx:hr>188</gpxtpx:hr>
          </gpxtpx:TrackPointExtension>
        </extensions>
      </trkpt>
      <trkpt lat="35.67357726318174" lon="139.76201247333637">
        <ele>4.680487917736173</ele>
        <time>2025-08-11T10:57:02.001000Z</time>
        <extensions>
          <gpxtpx:TrackPointExtension>
            <gpxtpx:hr>189</gpxtpx:hr>
          </gpxtpx:TrackPointExtension>
        </extensions>
      </trkpt>
      <trkpt lat="35.67359866065691" lon="139.76187696033315">
        <ele>5.176305714063346</ele>
        <time>2025-08-11T10:57:05.001000Z</time>
      </trkpt>
      <trkpt lat="35.673655729119226" lon="139.76175748886527">
        <ele>5.4402801198884845</ele>
        <time>2025-08-11T10:57:09.001000Z</time>
        <extensions>
          <gpxtpx:TrackPointExtension>
            <gpxtpx:hr>189</gpxtpx:hr>
          </gpxtpx:TrackPointExtension>
        </extensions>
      </trkpt>
      <trkpt lat="35.67371935542491" lon="139.761672887649">
        <ele>5.2588398000225425</ele>
        <time>2025-08-11T10:57:12.001000Z</time>
      </trkpt>
      <trkpt lat="35.67376898902995" lon="139.7615802597994">
        <ele>5.243554792366922</ele>
        <time>2025-08-11T10:57:15.001000Z</time>
        <extensions>
          <gpxtpx:TrackPointExtension>
            <gpxtpx:hr>189</gpxtpx:hr>
          </gpxtpx:TrackPointExtension>
        </extensions>
      </trkpt>
      <trkpt lat="35.67384203286744" lon="139.76147092151808">
        <ele>4.748038846999407</ele>
        <time>2025-08-11T10:57:19.001000Z</time>
        <extensions>
          <gpxtpx:TrackPointExtension>
            <gpxtpx:hr>190</gpxtpx:hr>
          </gpxtpx:TrackPointExtension>
        </extensions>
      </trkpt>
      <trkpt lat="35.67390580374029" lon="139.76138780049394">
        <ele>4.932066764682531</ele>
        <time>2025-08-11T10:57:21.001000Z</time>
        <extensions>
          <gpxtpx:TrackPointExtension>
            <gpxtpx:hr>190</gpxtpx:hr>
          </gpxtpx:TrackPointExtension>
        </extensions>
      </trkpt>
      <trkpt lat="35.67393750164826" lon="139.7612802790072">
        <ele>5.211060003377497</ele>
        <time>2025-08-11T10:57:24.001000Z</time>
      </trkpt>
      <trkpt lat="35.67403303471959" lon="139.76117819208713">
        <ele>5.1105325082316995</ele>
        <time>2025-08-11T10:57:28.001000Z</time>
        <extensions>
          <gpxtpx:TrackPointExtension>
            <gpxtpx:hr>190</gpxtpx:hr>
          </gpxtpx:TrackPointExtension>
        </extensions>
      </trkpt>
      <trkpt lat="35.67411019658701" lon="139.76111685235045">
        <ele>5.022385400719941</ele>
        <time>2025-08-11T10:57:31.001000Z</time>
        <extensions>
          <gpxtpx:TrackPointExtension>
            <gpxtpx:hr>191</gpxtpx:hr>
          </gpxtpx:TrackPointExtension>
        </extensions>
      </trkpt>
      <trkpt lat="35.674158414015125" lon="139.76101249331555">
        <ele>5.2711442885920405</ele>
        <time>2025-08-11T10:57:35.001000Z</time>
      </trkpt>
      <trkpt lat="35.674199997643065" lon="139.7609039404777">
        <ele>5.412957084365189</ele>
        <time>2025-08-11T10:57:37.002000Z</time>
      </trkpt>
      <trkpt lat="35.674290555016356" lon="139.76083447918296">
        <ele>4.914778492413461</ele>
        <time>2025-08-11T10:57:42.002000Z</time>
        <extensions>
          <gpxtpx:TrackPointExtension>
            <gpxtpx:hr>191</gpxtpx:hr>
          </gpxtpx:TrackPointExtension>
        </extensions>
      </trkpt>
      <trkpt lat="35.67434790248173" lon="139.7607116479507">
        <ele>4.830550602637231</ele>
        <time>2025-08-11T10:57:46.002000Z</time>
      </trkpt>
      <trkpt lat="35.67441182239627" lon="139.76061828889743">
        <ele>4.975878683850169</ele>
        <time>2025-08-11T10:57:50.002000Z</time>
        <extensions>
          <gpxtpx:TrackPointExtension>
            <gpxtpx:hr>191</gpxtpx:hr>
          </gpxtpx:TrackPointExtension>
        </extensions>
      </trkpt>
      <trkpt lat="35.674466077819424" lon="139.76048705769568">
        <ele>5.205878414213657</ele>
        <time>2025-08-11T10:57:54.002000Z</time>
        <extensions>
          <gpxtpx:TrackPointExtension>
            <gpxtpx:hr>191</gpxtpx:hr>
          </gpxtpx:TrackPointExtension>
        </extensions>
      </trkpt>
      <trkpt lat="35.67452557184783" lon="139.76040219490048">
        <ele>4.763006647117436</ele>
        <time>2025-08-11T10:57:57.002000Z</time>
        <extensions>
          <gpxtpx:TrackPointExtension>
            <gpxtpx:hr>191</gpxtpx:hr>
          </gpxtpx:TrackPointExtension>
        </extensions>
      </trkpt>
      <trkpt lat="35.674609213145324" lon="139.76034853139353">
        <ele>5.416968943551183</ele>
        <time>2025-08-11T10:58:00.002000Z</time>
        <extensions>
          <gpxtpx:TrackPointExtension>
            <gpxtpx:hr>191</gpxtpx:hr>
          </gpxtpx:TrackPointExtension>
        </extensions>
      </trkpt>
      <trkpt lat="35.67469011873914" lon="139.760287920253">
        <ele>5.3348719803616405</ele>
        <time>2025-08-11T10:58:04.002000Z</time>
      </trkpt>
      <trkpt lat="35.67473974175217" lon="139.7601946787343">
        <ele>5.306258582510054</ele>
        <time>2025-08-11T10:58:07.002000Z</time>
        <extensions>
          <gpxtpx:TrackPointExtension>
            <gpxtpx:hr>190</gpxtpx:hr>
          </gpxtpx:TrackPointExtension>
        </extensions>
      </trkpt>
      <trkpt lat="35.67479334256825" lon="139.7600781484599">
        <ele>5.092590969055891</ele>
        <time>2025-08-11T10:58:09.999000Z</time>
      </trkpt>
      <trkpt lat="35.67485413229695" lon="139.7599884809295">
        <ele>4.669920198619366</ele>
        <time>2025-08-11T10:58:14Z</time>
        <extensions>
          <gpxtpx:TrackPointExtension>
            <gpxtpx:hr>190</gpxtpx:hr>
          </gpxtpx:TrackPointExtension>
        </extensions>
      </trkpt>
      <trkpt lat="35.6749435113912" lon="139.75993421427398">
        <ele>3.708152803592384</ele>
        <time>2025-08-11T10:58:18Z</time>
        <extensions>
          <gpxtpx:TrackPointExtension>
            <gpxtpx:hr>191</gpxtpx:hr>
          </gpxtpx:TrackPointExtension>
        </extensions>
      </trkpt>
      <trkpt lat="35.675032935839994" lon="139.75991088085357">
        <ele>4.417771687731147</ele>
        <time>2025-08-11T10:58:22Z</time>
      </trkpt>
      <trkpt lat="35.67512392800651" lon="139.75997049224105">
        <ele>4.911145464517176</ele>
        <time>2025-08-11T10:58:25Z</time>
        <extensions>
          <gpxtpx:TrackPointExtension>
            <gpxtpx:hr>190</gpxtpx:hr>
          </gpxtpx:TrackPointExtension>
        </extensions>
      </trkpt>
      <trkpt lat="35.67522697371284" lon="139.76000061607945">
        <ele>5.750600112602115</ele>
        <time>2025-08-11T10:58:29Z</time>
        <extensions>
          <gpxtpx:TrackPointExtension>
            <gpxtpx:hr>190</gpxtpx:hr>
          </gpxtpx:TrackPointExtension>
        </extensions>
      </trkpt>
      <trkpt lat="35.67531911798142" lon="139.7600255052697">
        <ele>6.545374535024166</ele>
        <time>2025-08-11T10:58:33Z</time>
      </trkpt>
      <trkpt lat="35.67542136186304" lon="139.76005209982418">
        <ele>5.525856047868729</ele>
        <time>2025-08-11T10:58:39Z</time>
        <extensions>
          <gpxtpx:TrackPointExtension>
            <gpxtpx:hr>190</gpxtpx:hr>
          </gpxtpx:TrackPointExtension>
        </extensions>
      </trkpt>
      <trkpt lat="35.67552011359523" lon="139.76008771672582">
        <ele>5.468214631080627</ele>
        <time>2025-08-11T10:58:44Z</time>
        <extensions>
          <gpxtpx:TrackPointExtension>
            <gpxtpx:hr>190</gpxtpx:hr>
          </gpxtpx:TrackPointExtension>
        </extensions>
      </trkpt>
      <trkpt lat="35.67560484769747" lon="139.76014522524687">
        <ele>5.8521280931308866</ele>
        <time>2025-08-11T10:58:48.001000Z</time>
      </trkpt>
      <trkpt lat="35.67569411758508" lon="139.76017403234033">
        <ele>5.30856210552156</ele>
        <time>2025-08-11T10:58:52.001000Z</time>
        <extensions>
          <gpxtpx:TrackPointExtension>
            <gpxtpx:hr>189</gpxtpx:hr>
          </gpxtpx:TrackPointExtension>
        </extensions>
      </trkpt>
      <trkpt lat="35.67579643858721" lon="139.7602110796268">
        <ele>5.7958569480106235</ele>
        <time>2025-08-11T10:58:55.001000Z</time>
      </trkpt>
      <trkpt lat="35.675891084216076" lon="139.76024900891827">
        <ele>6.217583209276199</ele>
        <time>2025-08-11T10:58:58.001000Z</time>
        <extensions>
          <gpxtpx:TrackPointExtension>
            <gpxtpx:hr>189</gpxtpx:hr>
          </gpxtpx:TrackPointExtension>
        </extensions>
      </trkpt>
      <trkpt lat="35.67599320616443" lon="139.76025555795587">
        <ele>5.092853661626577</ele>
        <time>2025-08-11T10:59:02.001000Z</time>
      </trkpt>
      <trkpt lat="35.67608748766793" lon="139.7602852971852">
        <ele>5.089318969286978</ele>
        <time>2025-08-11T10:59:06.001000Z</time>
        <extensions>
          <gpxtpx:TrackPointExtension>
            <gpxtpx:hr>189</gpxtpx:hr>
          </gpxtpx:TrackPointExtension>
        </extensions>
      </trkpt>
      <trkpt lat="35.6761779469108" lon="139.76031066928417">
        <ele>5.694600745104253</ele>
        <time>2025-08-11T10:59:10.001000Z</time>
        <extensions>
          <gpxtpx:TrackPointExtension>
            <gpxtpx:hr>190</gpxtpx:hr>
          </gpxtpx:TrackPointExtension>
        </extensions>
      </trkpt>
      <trkpt lat="35.67626705761917" lon="139.7603702233381">
        <ele>5.045281955972314</ele>
        <time>2025-08-11T10:59:15.001000Z</time>
        <extensions>
          <gpxtpx:TrackPointExtension>
            <gpxtpx:hr>190</gpxtpx:hr>
          </gpxtpx:TrackPointExtension>
        </extensions>
      </trkpt>
      <trkpt lat="35.676378167851304" lon="139.7603774718903">
        <ele>5.425764448940754</ele>
        <time>2025-08-11T10:59:19.001000Z</time>
        <extensions>
          <gpxtpx:TrackPointExtension>
            <gpxtpx:hr>189</gpxtpx:hr>
          </gpxtpx:TrackPointExtension>
        </extensions>
      </trkpt>
      <trkpt lat="35.67647159800331" lon="139.7604385394257">
        <ele>6.461593037471175</ele>
        <time>2025-08-11T10:59:26.002000Z</time>
        <extensions>
          <gpxtpx:TrackPointExtension>
            <gpxtpx:hr>188</gpxtpx:hr>
          </gpxtpx:TrackPointExtension>
        </extensions>
      </trkpt>
      <trkpt lat="35.6765794970723" lon="139.76047559064466">
        <ele>4.979895758442581</ele>
        <time>2025-08-11T10:59:31.002000Z</time>
      </trkpt>
      <trkpt lat="35.67667948114197" lon="139.76050793102763">
        <ele>5.285647097043693</ele>
        <time>2025-08-11T10:59:36.002000Z</time>
        <extensions>
          <gpxtpx:TrackPointExtension>
            <gpxtpx:hr>188</gpxtpx:hr>
          </gpxtpx:TrackPointExtension>
        </extensions>
      </trkpt>
      <trkpt lat="35.67676949159928" lon="139.7605142927609">
        <ele>5.284831975586712</ele>
        <time>2025-08-11T10:59:40.002000Z</time>
      </trkpt>
      <trkpt lat="35.67687933723359" lon="139.76056054756805">
        <ele>5.9186080396175385</ele>
        <time>2025-08-11T10:59:44.002000Z</time>
        <extensions>
          <gpxtpx:TrackPointExtension>
            <gpxtpx:hr>188</gpxtpx:hr>
          </gpxtpx:TrackPointExtension>
        </extensions>
      </trkpt>
      <trkpt lat="35.676981625018946" lon="139.76055252667032">
        <ele>4.946774374693632</ele>
        <time>2025-08-11T10:59:47.002000Z</time>
        <extensions>
          <gpxtpx:TrackPointExtension>
            <gpxtpx:hr>188</gpxtpx:hr>
          </gpxtpx:TrackPointExtension>
        </extensions>
      </trkpt>
      <trkpt lat="35.67707257664323" lon="139.76063246251124">
        <ele>4.418881137855351</ele>
        <time>2025-08-11T10:59:51.002000Z</time>
        <extensions>
          <gpxtpx:TrackPointExtension>
            <gpxtpx:hr>188</gpxtpx:hr>
          </gpxtpx:TrackPointExtension>
        </extensions>
      </trkpt>
      <trkpt lat="35.67718579510624" lon="139.76065006977618">
        <ele>5.053853276185691</ele>
        <time>2025-08-11T10:59:55.002000Z</time>
      </trkpt>
      <trkpt lat="35.677302055598005" lon="139.76065471098892">
        <ele>4.848257010802627</ele>
        <time>2025-08-11T10:59:59.003000Z</time>
        <extensions>
          <gpxtpx:TrackPointExtension>
            <gpxtpx:hr>187</gpxtpx:hr>
          </gpxtpx:TrackPointExtension>
        </extensions>
      </trkpt>
      <trkpt lat="35.67736003063304" lon="139.7607645015435">
        <ele>3.6380510730668902</ele>
        <time>2025-08-11T11:00:02.003000Z</time>
      </trkpt>
      <trkpt lat="35.67746348645603" lon="139.7607718060749">
        <ele>5.600333915092051</ele>
        <time>2025-08-11T11:00:05.003000Z</time>
        <extensions>
          <gpxtpx:TrackPointExtension>
            <gpxtpx:hr>186</gpxtpx:hr>
          </gpxtpx:TrackPointExtension>
        </extensions>
      </trkpt>
      <trkpt lat="35.67756629337687" lon="139.76082169657084">
        <ele>5.416993115097284</ele>
        <time>2025-08-11T11:00:10.003000Z</time>
        <extensions>
          <gpxtpx:TrackPointExtension>
            <gpxtpx:hr>187</gpxtpx:hr>
          </gpxtpx:TrackPointExtension>
        </extensions>
      </trkpt>
      <trkpt lat="35.67767543111172" lon="139.7608614395072">
        <ele>5.276746169663966</ele>
        <time>2025-08-11T11:00:15.001000Z</time>
        <extensions>
          <gpxtpx:TrackPointExtension>
            <gpxtpx:hr>188</gpxtpx:hr>
          </gpxtpx:TrackPointExtension>
        </extensions>
      </trkpt>
      <trkpt lat="35.67775482946405" lon="139.76092957791786">
        <ele>4.953149959445</ele>
        <time>2025-08-11T11:00:18.001000Z</time>
      </trkpt>
      <trkpt lat="35.677845459859924" lon="139.76095356409274">
        <ele>4.50910281855613</ele>
        <time>2025-08-11T11:00:22.001000Z</time>
        <extensions>
          <gpxtpx:TrackPointExtension>
            <gpxtpx:hr>187</gpxtpx:hr>
          </gpxtpx:TrackPointExtension>
        </extensions>
      </trkpt>
      <trkpt lat="35.67793118619213" lon="139.7609960564722">
        <ele>4.518075660802424</ele>
        <time>2025-08-11T11:00:26.001000Z</time>
      </trkpt>
      <trkpt lat="35.67805186770263" lon="139.76101098900588">
        <ele>4.395920221693814</ele>
        <time>2025-08-11T11:00:31.001000Z</time>
        <extensions>
          <gpxtpx:TrackPointExtension>
            <gpxtpx:hr>187</gpxtpx:hr>
          </gpxtpx:TrackPointExtension>
        </extensions>
      </trkpt>
      <trkpt lat="35.67815135271734" lon="139.76105172509722">
        <ele>4.750434813089669</ele>
        <time>2025-08-11T11:00:36.001000Z</time>
        <extensions>
          <gpxtpx:TrackPointExtension>
            <gpxtpx:hr>187</gpxtpx:hr>
          </gpxtpx:TrackPointExtension>
        </extensions>
      </trkpt>
      <trkpt lat="35.67917139659913" lon="139.76101179640943">
        <ele>4.242469768039882</ele>
        <time>2025-08-11T11:04:04.003000Z</time>
        <extensions>
          <gpxtpx:TrackPointExtension>
            <gpxtpx:hr>142</gpxtpx:hr>
          </gpxtpx:TrackPointExtension>
        </extensions>
      </trkpt>
      <trkpt lat="35.67926680265488" lon="139.76105425149342">
        <ele>5.1164966290816665</ele>
        <time>2025-08-11T11:04:09.003000Z</time>
        <extensions>
          <gpxtpx:TrackPointExtension>
            <gpxtpx:hr>143</gpxtpx:hr>
          </gpxtpx:TrackPointExtension>
        </extensions>
      </trkpt>
      <trkpt lat="35.679360172467" lon="139.76108595482754">
        <ele>4.028680158779025</ele>
        <time>2025-08-11T11:04:14.003000Z</time>
        <extensions>
          <gpxtpx:TrackPointExtension>
            <gpxtpx:hr>144</gpxtpx:hr>
          </gpxtpx:TrackPointExtension>
        </extensions>
      </trkpt>
      <trkpt lat="35.679463141848046" lon="139.7611140773535">
        <ele>5.069799403659999</ele>
        <time>2025-08-11T11:04:20.003000Z</time>
        <extensions>
          <gpxtpx:TrackPointExtension>
            <gpxtpx:hr>145</gpxtpx:hr>
          </gpxtpx:TrackPointExtension>
        </extensions>
      </trkpt>
      <trkpt lat="35.679560297238794" lon="139.76112504495637">
        <ele>6.558339321985841</ele>
        <time>2025-08-11T11:04:25.003000Z</time>
        <extensions>
          <gpxtpx:TrackPointExtension>
            <gpxtpx:hr>149</gpxtpx:hr>
          </gpxtpx:TrackPointExtension>
        </extensions>
      </trkpt>
      <trkpt lat="35.67965134434397" lon="139.76117838529353">
        <ele>5.534996159374714</ele>
        <time>2025-08-11T11:04:30Z</time>
        <extensions>
          <gpxtpx:TrackPointExtension>
            <gpxtpx:hr>149</gpxtpx:hr>
          </gpxtpx:TrackPointExtension>
        </extensions>
      </trkpt>
      <trkpt lat="35.67975545650667" lon="139.76122359271886">
        <ele>4.854712174274027</ele>
        <time>2025-08-11T11:04:35Z</time>
        <extensions>
          <gpxtpx:TrackPointExtension>
            <gpxtpx:hr>154</gpxtpx:hr>
          </gpxtpx:TrackPointExtension>
        </extensions>
      </trkpt>
      <trkpt lat="35.679866791694735" lon="139.7612630860891">
        <ele>4.50799810141325</ele>
        <time>2025-08-11T11:04:40Z</time>
      </trkpt>
      <trkpt lat="35.67995829581787" lon="139.76129797167707">
        <ele>4.033978815190494</ele>
        <time>2025-08-11T11:04:45Z</time>
        <extensions>
          <gpxtpx:TrackPointExtension>
            <gpxtpx:hr>154</gpxtpx:hr>
          </gpxtpx:TrackPointExtension>
        </extensions>
      </trkpt>
      <trkpt lat="35.68005545551085" lon="139.76133554825847">
        <ele>3.9436367796733975</ele>
        <time>2025-08-11T11:04:50Z</time>
        <extensions>
          <gpxtpx:TrackPointExtension>
            <gpxtpx:hr>156</gpxtpx:hr>
          </gpxtpx:TrackPointExtension>
        </extensions>
      </trkpt>
      <trkpt lat="35.680145906817856" lon="139.7613219139473">
        <ele>4.116608122363687</ele>
        <time>2025-08-11T11:04:54Z</time>
      </trkpt>
      <trkpt lat="35.68022995180552" lon="139.76136836671094">
        <ele>4.912842646241188</ele>
        <time>2025-08-11T11:04:57Z</time>
        <extensions>
          <gpxtpx:TrackPointExtension>
            <gpxtpx:hr>160</gpxtpx:hr>
          </gpxtpx:TrackPointExtension>
        </extensions>
      </trkpt>
      <trkpt lat="35.68031303191626" lon="139.76144682732541">
        <ele>4.064159971661866</ele>
        <time>2025-08-11T11:05:00.001000Z</time>
      </trkpt>
      <trkpt lat="35.68040283923775" lon="139.7614742721528">
        <ele>3.4827213967218995</ele>
        <time>2025-08-11T11:05:03.001000Z</time>
        <extensions>
          <gpxtpx:TrackPointExtension>
            <gpxtpx:hr>164</gpxtpx:hr>
          </gpxtpx:TrackPointExtension>
        </extensions>
      </trkpt>
      <trkpt lat="35.680504243829745" lon="139.76150560508083">
        <ele>3.5596876814961433</ele>
        <time>2025-08-11T11:05:07.001000Z</time>
        <extensions>
          <gpxtpx:TrackPointExtension>
            <gpxtpx:hr>165</gpxtpx:hr>
          </gpxtpx:TrackPointExtension>
        </extensions>
      </trkpt>
      <trkpt lat="35.68060040883053" lon="139.7615323171227">
        <ele>3.184015487320721</ele>
        <time>2025-08-11T11:05:11.001000Z</time>
      </trkpt>
      <trkpt lat="35.68069852544788" lon="139.76153781967304">
        <ele>4.3282950557768345</ele>
        <time>2025-08-11T11:05:15.001000Z</time>
        <extensions>
          <gpxtpx:TrackPointExtension>
            <gpxtpx:hr>168</gpxtpx:hr>
          </gpxtpx:TrackPointExtension>
        </extensions>
      </trkpt>
      <trkpt lat="35.680783199394426" lon="139.76160882652712">
        <ele>2.238038696348667</ele>
        <time>2025-08-11T11:05:18.001000Z</time>
        <extensions>
          <gpxtpx:TrackPointExtension>
            <gpxtpx:hr>168</gpxtpx:hr>
          </gpxtpx:TrackPointExtension>
        </extensions>
      </trkpt>
      <trkpt lat="35.68088859149073" lon="139.76159642709507">
        <ele>2.666644547134638</ele>
        <time>2025-08-11T11:05:23.001000Z</time>
        <extensions>
          <gpxtpx:TrackPointExtension>
            <gpxtpx:hr>168</gpxtpx:hr>
          </gpxtpx:TrackPointExtension>
        </extensions>
      </trkpt>
      <trkpt lat="35.68099465373335" lon="139.7616344996004">
        <ele>3.537856846116483</ele>
        <time>2025-08-11T11:05:27.001000Z</time>
        <extensions>
          <gpxtpx:TrackPointExtension>
            <gpxtpx:hr>171</gpxtpx:hr>
          </gpxtpx:TrackPointExtension>
        </extensions>
      </trkpt>
      <trkpt lat="35.681087594974926" lon="139.76168058356717">
        <ele>3.2395268762484193</ele>
        <time>2025-08-11T11:05:31.001000Z</time>
      </trkpt>
      <trkpt lat="35.68118803724391" lon="139.7616999438352">
        <ele>3.887475364841521</ele>
        <time>2025-08-11T11:05:35.001000Z</time>
        <extensions>
          <gpxtpx:TrackPointExtension>
            <gpxtpx:hr>173</gpxtpx:hr>
          </gpxtpx:TrackPointExtension>
        </extensions>
      </trkpt>
      <trkpt lat="35.68129400116849" lon="139.76175253610216">
        <ele>4.331648827530444</ele>
        <time>2025-08-11T11:05:39.001000Z</time>
        <extensions>
          <gpxtpx:TrackPointExtension>
            <gpxtpx:hr>174</gpxtpx:hr>
          </gpxtpx:TrackPointExtension>
        </extensions>
      </trkpt>
      <trkpt lat="35.681395648692515" lon="139.76178069844735">
        <ele>4.115874953567982</ele>
        <time>2025-08-11T11:05:43.001000Z</time>
        <extensions>
          <gpxtpx:TrackPointExtension>
            <gpxtpx:hr>173</gpxtpx:hr>
          </gpxtpx:TrackPointExtension>
        </extensions>
      </trkpt>
      <trkpt lat="35.681499010300314" lon="139.7618102640637">
        <ele>5.249686175957322</ele>
        <time>2025-08-11T11:05:47.002000Z</time>
      </trkpt>
      <trkpt lat="35.68159236364924" lon="139.7618437404923">
        <ele>5.420745228417218</ele>
        <time>2025-08-11T11:05:51.002000Z</time>
        <extensions>
          <gpxtpx:TrackPointExtension>
            <gpxtpx:hr>175</gpxtpx:hr>
          </gpxtpx:TrackPointExtension>
        </extensions>
      </trkpt>
      <trkpt lat="35.68168371127062" lon="139.7618809919968">
        <ele>5.854537731967866</ele>
        <time>2025-08-11T11:05:55.002000Z</time>
      </trkpt>
      <trkpt lat="35.68177082498588" lon="139.76191015114412">
        <ele>4.894541763700545</ele>
        <time>2025-08-11T11:05:59.002000Z</time>
        <extensions>
          <gpxtpx:TrackPointExtension>
            <gpxtpx:hr>176</gpxtpx:hr>
          </gpxtpx:TrackPointExtension>
        </extensions>
      </trkpt>
      <trkpt lat="35.68186593398606" lon="139.7619173126591">
        <ele>7.012307262979448</ele>
        <time>2025-08-11T11:06:03.002000Z</time>
        <extensions>
          <gpxtpx:TrackPointExtension>
            <gpxtpx:hr>177</gpxtpx:hr>
          </gpxtpx:TrackPointExtension>
        </extensions>
      </trkpt>
      <trkpt lat="35.68195093534548" lon="139.76187877233286">
        <ele>3.1992330960929394</ele>
        <time>2025-08-11T11:06:07.002000Z</time>
      </trkpt>
      <trkpt lat="35.6828959069728" lon="139.7622743642594">
        <ele>4.394238191656768</ele>
        <time>2025-08-11T11:09:06Z</time>
        <extensions>
          <gpxtpx:TrackPointExtension>
            <gpxtpx:hr>142</gpxtpx:hr>
          </gpxtpx:TrackPointExtension>
        </extensions>
      </trkpt>
      <trkpt lat="35.68299169513493" lon="139.7622943527562">
        <ele>4.28072171099484</ele>
        <time>2025-08-11T11:09:11Z</time>
        <extensions>
          <gpxtpx:TrackPointExtension>
            <gpxtpx:hr>143</gpxtpx:hr>
          </gpxtpx:TrackPointExtension>
        </extensions>
      </trkpt>
      <trkpt lat="35.68309349422606" lon="139.7623226101882">
        <ele>4.580551437102258</ele>
        <time>2025-08-11T11:09:15Z</time>
      </trkpt>
      <trkpt lat="35.68319919762305" lon="139.76234226820938">
        <ele>4.727087311446667</ele>
        <time>2025-08-11T11:09:20Z</time>
        <extensions>
          <gpxtpx:TrackPointExtension>
            <gpxtpx:hr>148</gpxtpx:hr>
          </gpxtpx:TrackPointExtension>
        </extensions>
      </trkpt>
      <trkpt lat="35.68330001209344" lon="139.76237033879383">
        <ele>5.630673927254975</ele>
        <time>2025-08-11T11:09:25Z</time>
        <extensions>
          <gpxtpx:TrackPointExtension>
            <gpxtpx:hr>149</gpxtpx:hr>
          </gpxtpx:TrackPointExtension>
        </extensions>
      </trkpt>
      <trkpt lat="35.68339093414565" lon="139.76241530498925">
        <ele>5.184224996715784</ele>
        <time>2025-08-11T11:09:30Z</time>
        <extensions>
          <gpxtpx:TrackPointExtension>
            <gpxtpx:hr>150</gpxtpx:hr>
          </gpxtpx:TrackPointExtension>
        </extensions>
      </trkpt>
      <trkpt lat="35.68347499433492" lon="139.76247189230634">
        <ele>5.766309756785631</ele>
        <time>2025-08-11T11:09:34.001000Z</time>
        <extensions>
          <gpxtpx:TrackPointExtension>
            <gpxtpx:hr>153</gpxtpx:hr>
          </gpxtpx:TrackPointExtension>
        </extensions>
      </trkpt>
      <trkpt lat="35.68355996548848" lon="139.76253152821943">
        <ele>7.141612819395959</ele>
        <time>2025-08-11T11:09:39.001000Z</time>
        <extensions>
          <gpxtpx:TrackPointExtension>
            <gpxtpx:hr>153</gpxtpx:hr>
          </gpxtpx:TrackPointExtension>
        </extensions>
      </trkpt>
      <trkpt lat="35.68366567381681" lon="139.7625384525573">
        <ele>6.9632246270775795</ele>
        <time>2025-08-11T11:09:44.001000Z</time>
        <extensions>
          <gpxtpx:TrackPointExtension>
            <gpxtpx:hr>156</gpxtpx:hr>
          </gpxtpx:TrackPointExtension>
        </extensions>
      </trkpt>
      <trkpt lat="35.68376281333963" lon="139.76256863004573">
        <ele>7.019209851510823</ele>
        <time>2025-08-11T11:09:49.001000Z</time>
        <extensions>
          <gpxtpx:TrackPointExtension>
            <gpxtpx:hr>158</gpxtpx:hr>
          </gpxtpx:TrackPointExtension>
        </extensions>
      </trkpt>
      <trkpt lat="35.68385702419077" lon="139.7626196998369">
        <ele>6.942730627954006</ele>
        <time>2025-08-11T11:09:55.001000Z</time>
        <extensions>
          <gpxtpx:TrackPointExtension>
            <gpxtpx:hr>160</gpxtpx:hr>
          </gpxtpx:TrackPointExtension>
        </extensions>
      </trkpt>
      <trkpt lat="35.683945285662965" lon="139.76266882952808">
        <ele>7.222607994452119</ele>
        <time>2025-08-11T11:10:00.001000Z</time>
        <extensions>
          <gpxtpx:TrackPointExtension>
            <gpxtpx:hr>161</gpxtpx:hr>
          </gpxtpx:TrackPointExtension>
        </extensions>
      </trkpt>
      <trkpt lat="35.68402830395907" lon="139.76274864635818">
        <ele>7.032220274209976</ele>
        <time>2025-08-11T11:10:04.001000Z</time>
        <extensions>
          <gpxtpx:TrackPointExtension>
            <gpxtpx:hr>163</gpxtpx:hr>
          </gpxtpx:TrackPointExtension>
        </extensions>
      </trkpt>
      <trkpt lat="35.6841258888164" lon="139.76278863295587">
        <ele>7.594959140755236</ele>
        <time>2025-08-11T11:10:09.001000Z</time>
        <extensions>
          <gpxtpx:TrackPointExtension>
            <gpxtpx:hr>165</gpxtpx:hr>
          </gpxtpx:TrackPointExtension>
        </extensions>
      </trkpt>
      <trkpt lat="35.68420273143682" lon="139.76284734586432">
        <ele>9.361777828074992</ele>
        <time>2025-08-11T11:10:14.001000Z</time>
        <extensions>
          <gpxtpx:TrackPointExtension>
            <gpxtpx:hr>165</gpxtpx:hr>
          </gpxtpx:TrackPointExtension>
        </extensions>
      </trkpt>
      <trkpt lat="35.68427532031641" lon="139.76294483335306">
        <ele>8.48367612529546</ele>
        <time>2025-08-11T11:10:19.002000Z</time>
        <extensions>
          <gpxtpx:TrackPointExtension>
            <gpxtpx:hr>166</gpxtpx:hr>
          </gpxtpx:TrackPointExtension>
        </extensions>
      </trkpt>
      <trkpt lat="35.68435331242502" lon="139.763023372936">
        <ele>7.976074866019189</ele>
        <time>2025-08-11T11:10:24.002000Z</time>
        <extensions>
          <gpxtpx:TrackPointExtension>
            <gpxtpx:hr>166</gpxtpx:hr>
          </gpxtpx:TrackPointExtension>
        </extensions>
      </trkpt>
      <trkpt lat="35.684452839050444" lon="139.76307269441222">
        <ele>7.484621041454375</ele>
        <time>2025-08-11T11:10:29.002000Z</time>
        <extensions>
          <gpxtpx:TrackPointExtension>
            <gpxtpx:hr>167</gpxtpx:hr>
          </gpxtpx:TrackPointExtension>
        </extensions>
      </trkpt>
      <trkpt lat="35.68451654449237" lon="139.76315371373175">
        <ele>7.127940023317933</ele>
        <time>2025-08-11T11:10:33.002000Z</time>
        <extensions>
          <gpxtpx:TrackPointExtension>
            <gpxtpx:hr>169</gpxtpx:hr>
          </gpxtpx:TrackPointExtension>
        </extensions>
      </trkpt>
      <trkpt lat="35.68461746111434" lon="139.76319291699764">
        <ele>6.8945834478363395</ele>
        <time>2025-08-11T11:10:38.002000Z</time>
        <extensions>
          <gpxtpx:TrackPointExtension>
            <gpxtpx:hr>171</gpxtpx:hr>
          </gpxtpx:TrackPointExtension>
        </extensions>
      </trkpt>
      <trkpt lat="35.68471415708276" lon="139.76325377246644">
        <ele>7.157442504540086</ele>
        <time>2025-08-11T11:10:43.002000Z</time>
        <extensions>
          <gpxtpx:TrackPointExtension>
            <gpxtpx:hr>171</gpxtpx:hr>
          </gpxtpx:TrackPointExtension>
        </extensions>
      </trkpt>
      <trkpt lat="35.68481397840593" lon="139.7632287966347">
        <ele>6.969460442662239</ele>
        <time>2025-08-11T11:10:45.999000Z</time>
        <extensions>
          <gpxtpx:TrackPointExtension>
            <gpxtpx:hr>172</gpxtpx:hr>
          </gpxtpx:TrackPointExtension>
        </extensions>
      </trkpt>
      <trkpt lat="35.68490668969006" lon="139.76315799614258">
        <ele>5.425455005839467</ele>
        <time>2025-08-11T11:10:48.999000Z</time>
      </trkpt>
      <trkpt lat="35.68496310708581" lon="139.76305781795065">
        <ele>6.248313677497208</ele>
        <time>2025-08-11T11:10:50.999000Z</time>
        <extensions>
          <gpxtpx:TrackPointExtension>
            <gpxtpx:hr>171</gpxtpx:hr>
          </gpxtpx:TrackPointExtension>
        </extensions>
      </trkpt>
      <trkpt lat="35.68502798804247" lon="139.7629752234899">
        <ele>6.694913748651743</ele>
        <time>2025-08-11T11:10:52.999000Z</time>
      </trkpt>
      <trkpt lat="35.68502246863816" lon="139.76282621751943">
        <ele>6.425197166390717</ele>
        <time>2025-08-11T11:10:55.999000Z</time>
      </trkpt>
      <trkpt lat="35.685047661653" lon="139.7626888358562">
        <ele>6.574502158910036</ele>
        <time>2025-08-11T11:10:59.999000Z</time>
        <extensions>
          <gpxtpx:TrackPointExtension>
            <gpxtpx:hr>169</gpxtpx:hr>
          </gpxtpx:TrackPointExtension>
        </extensions>
      </trkpt>
      <trkpt lat="35.685100574282615" lon="139.76256535864223">
        <ele>5.931229092180729</ele>
        <time>2025-08-11T11:11:03.999000Z</time>
        <extensions>
          <gpxtpx:TrackPointExtension>
            <gpxtpx:hr>170</gpxtpx:hr>
          </gpxtpx:TrackPointExtension>
        </extensions>
      </trkpt>
      <trkpt lat="35.68516403587891" lon="139.76248656947425">
        <ele>6.607337294146419</ele>
        <time>2025-08-11T11:11:06.999000Z</time>
        <extensions>
          <gpxtpx:TrackPointExtension>
            <gpxtpx:hr>171</gpxtpx:hr>
          </gpxtpx:TrackPointExtension>
        </extensions>
      </trkpt>
      <trkpt lat="35.6851923418186" lon="139.7623610195835">
        <ele>6.35026818420738</ele>
        <time>2025-08-11T11:11:11Z</time>
        <extensions>
          <gpxtpx:TrackPointExtension>
            <gpxtpx:hr>171</gpxtpx:hr>
          </gpxtpx:TrackPointExtension>
        </extensions>
      </trkpt>
      <trkpt lat="35.68524232659854" lon="139.76224568394042">
        <ele>5.742532754316926</ele>
        <time>2025-08-11T11:11:15Z</time>
      </trkpt>
      <trkpt lat="35.685894963193505" lon="139.7617048015376">
        <time>2025-08-11T11:11:42.706000Z</time>
        <extensions>
          <gpxtpx:TrackPointExtension>
            <gpxtpx:hr>174</gpxtpx:hr>
          </gpxtpx:TrackPointExtension>
        </extensions>
      </trkpt>
      <trkpt lat="35.685894963193505" lon="139.7617048015376">
        <time>2025-08-11T11:11:46.111000Z</time>
      </trkpt>
      <trkpt lat="35.6859958691765" lon="139.76166608499008">
        <time>2025-08-11T11:11:46.114000Z</time>
      </trkpt>
      <trkpt lat="35.68552519198105" lon="139.7611348239144">
        <ele>6.943290710449219</ele>
        <time>2025-08-11T11:11:56.999000Z</time>
        <extensions>
          <gpxtpx:TrackPointExtension>
            <gpxtpx:hr>175</gpxtpx:hr>
          </gpxtpx:TrackPointExtension>
        </extensions>
      </trkpt>
      <trkpt lat="35.68558486385376" lon="139.76103458832188">
        <ele>7.79100848082453</ele>
        <time>2025-08-11T11:12:01.999000Z</time>
      </trkpt>
      <trkpt lat="35.68562250055079" lon="139.76092611803278">
        <ele>9.11742446385324</ele>
        <time>2025-08-11T11:12:05.999000Z</time>
        <extensions>
          <gpxtpx:TrackPointExtension>
            <gpxtpx:hr>174</gpxtpx:hr>
          </gpxtpx:TrackPointExtension>
        </extensions>
      </trkpt>
      <trkpt lat="35.6857069964388" lon="139.76086448647504">
        <ele>5.046928791329265</ele>
        <time>2025-08-11T11:12:12Z</time>
        <extensions>
          <gpxtpx:TrackPointExtension>
            <gpxtpx:hr>173</gpxtpx:hr>
          </gpxtpx:TrackPointExtension>
        </extensions>
      </trkpt>
      <trkpt lat="35.68578097154007" lon="139.76094270474326">
        <ele>4.804985747672617</ele>
        <time>2025-08-11T11:12:15Z</time>
        <extensions>
          <gpxtpx:TrackPointExtension>
            <gpxtpx:hr>173</gpxtpx:hr>
          </gpxtpx:TrackPointExtension>
        </extensions>
      </trkpt>
      <trkpt lat="35.685861928863766" lon="139.76102461630478">
        <ele>5.404778436757624</ele>
        <time>2025-08-11T11:12:19Z</time>
        <extensions>
          <gpxtpx:TrackPointExtension>
            <gpxtpx:hr>174</gpxtpx:hr>
          </gpxtpx:TrackPointExtension>
        </extensions>
      </trkpt>
      <trkpt lat="35.68595284865971" lon="139.7610813519771">
        <ele>6.832249391824007</ele>
        <time>2025-08-11T11:12:23Z</time>
        <extensions>
          <gpxtpx:TrackPointExtension>
            <gpxtpx:hr>175</gpxtpx:hr>
          </gpxtpx:TrackPointExtension>
        </extensions>
      </trkpt>
      <trkpt lat="35.686067372243606" lon="139.76107833170758">
        <ele>6.12434274610132</ele>
        <time>2025-08-11T11:12:28Z</time>
        <extensions>
          <gpxtpx:TrackPointExtension>
            <gpxtpx:hr>175</gpxtpx:hr>
          </gpxtpx:TrackPointExtension>
        </extensions>
      </trkpt>
      <trkpt lat="35.686145988977394" lon="139.7611409020165">
        <ele>6.406051978468895</ele>
        <time>2025-08-11T11:12:32Z</time>
        <extensions>
          <gpxtpx:TrackPointExtension>
            <gpxtpx:hr>173</gpxtpx:hr>
          </gpxtpx:TrackPointExtension>
        </extensions>
      </trkpt>
      <trkpt lat="35.6862382685656" lon="139.76115786115133">
        <ele>6.486463364213705</ele>
        <time>2025-08-11T11:12:36Z</time>
      </trkpt>
      <trkpt lat="35.68634768675973" lon="139.7611922035139">
        <ele>6.739697470329702</ele>
        <time>2025-08-11T11:12:41.001000Z</time>
        <extensions>
          <gpxtpx:TrackPointExtension>
            <gpxtpx:hr>173</gpxtpx:hr>
          </gpxtpx:TrackPointExtension>
        </extensions>
      </trkpt>
      <trkpt lat="35.68643835168762" lon="139.76122838628388">
        <ele>6.610676430165768</ele>
        <time>2025-08-11T11:12:45.001000Z</time>
      </trkpt>
      <trkpt lat="35.68653022086203" lon="139.76125780793868">
        <ele>6.485081059858203</ele>
        <time>2025-08-11T11:12:49.001000Z</time>
        <extensions>
          <gpxtpx:TrackPointExtension>
            <gpxtpx:hr>174</gpxtpx:hr>
          </gpxtpx:TrackPointExtension>
        </extensions>
      </trkpt>
      <trkpt lat="35.68662925133131" lon="139.76128994308212">
        <ele>6.217556385323405</ele>
        <time>2025-08-11T11:12:54.001000Z</time>
        <extensions>
          <gpxtpx:TrackPointExtension>
            <gpxtpx:hr>175</gpxtpx:hr>
          </gpxtpx:TrackPointExtension>
        </extensions>
      </trkpt>
      <trkpt lat="35.686721356285084" lon="139.7613130811672">
        <ele>7.111109788529575</ele>
        <time>2025-08-11T11:12:59.001000Z</time>
        <extensions>
          <gpxtpx:TrackPointExtension>
            <gpxtpx:hr>175</gpxtpx:hr>
          </gpxtpx:TrackPointExtension>
        </extensions>
      </trkpt>
      <trkpt lat="35.686816649931465" lon="139.7613209335223">
        <ele>6.244223119691014</ele>
        <time>2025-08-11T11:13:04.001000Z</time>
        <extensions>
          <gpxtpx:TrackPointExtension>
            <gpxtpx:hr>176</gpxtpx:hr>
          </gpxtpx:TrackPointExtension>
        </extensions>
      </trkpt>
      <trkpt lat="35.686908362973604" lon="139.76136262690503">
        <ele>5.782773698680103</ele>
        <time>2025-08-11T11:13:09.001000Z</time>
        <extensions>
          <gpxtpx:TrackPointExtension>
            <gpxtpx:hr>176</gpxtpx:hr>
          </gpxtpx:TrackPointExtension>
        </extensions>
      </trkpt>
      <trkpt lat="35.68700651443087" lon="139.76138107906368">
        <ele>5.990688472986221</ele>
        <time>2025-08-11T11:13:14.002000Z</time>
        <extensions>
          <gpxtpx:TrackPointExtension>
            <gpxtpx:hr>177</gpxtpx:hr>
          </gpxtpx:TrackPointExtension>
        </extensions>
      </trkpt>
      <trkpt lat="35.68710586913164" lon="139.7613995812179">
        <ele>6.062815193086863</ele>
        <time>2025-08-11T11:13:19.002000Z</time>
        <extensions>
          <gpxtpx:TrackPointExtension>
            <gpxtpx:hr>177</gpxtpx:hr>
          </gpxtpx:TrackPointExtension>
        </extensions>
      </trkpt>
      <trkpt lat="35.68720552251704" lon="139.7613905031548">
        <ele>6.241967321373522</ele>
        <time>2025-08-11T11:13:23.002000Z</time>
        <extensions>
          <gpxtpx:TrackPointExtension>
            <gpxtpx:hr>177</gpxtpx:hr>
          </gpxtpx:TrackPointExtension>
        </extensions>
      </trkpt>
      <trkpt lat="35.687303151434975" lon="139.76134998628305">
        <ele>5.870766339823604</ele>
        <time>2025-08-11T11:13:27.002000Z</time>
      </trkpt>
      <trkpt lat="35.68739594299561" lon="139.7613449909589">
        <ele>6.282279014587402</ele>
        <time>2025-08-11T11:13:31.002000Z</time>
        <extensions>
          <gpxtpx:TrackPointExtension>
            <gpxtpx:hr>178</gpxtpx:hr>
          </gpxtpx:TrackPointExtension>
        </extensions>
      </trkpt>
      <trkpt lat="35.687503747149314" lon="139.7613155329909">
        <ele>5.887284986674786</ele>
        <time>2025-08-11T11:13:36.002000Z</time>
        <extensions>
          <gpxtpx:TrackPointExtension>
            <gpxtpx:hr>177</gpxtpx:hr>
          </gpxtpx:TrackPointExtension>
        </extensions>
      </trkpt>
      <trkpt lat="35.687608676682515" lon="139.7612947714891">
        <ele>5.231321754865348</ele>
        <time>2025-08-11T11:13:41.002000Z</time>
        <extensions>
          <gpxtpx:TrackPointExtension>
            <gpxtpx:hr>177</gpxtpx:hr>
          </gpxtpx:TrackPointExtension>
        </extensions>
      </trkpt>
      <trkpt lat="35.687699747933706" lon="139.76127765966976">
        <ele>4.858818517997861</ele>
        <time>2025-08-11T11:13:46.002000Z</time>
        <extensions>
          <gpxtpx:TrackPointExtension>
            <gpxtpx:hr>178</gpxtpx:hr>
          </gpxtpx:TrackPointExtension>
        </extensions>
      </trkpt>
      <trkpt lat="35.68779133799822" lon="139.76123801564597">
        <ele>4.212707833386958</ele>
        <time>2025-08-11T11:13:50.003000Z</time>
      </trkpt>
      <trkpt lat="35.68790696636539" lon="139.7611872911968">
        <ele>4.129455858841538</ele>
        <time>2025-08-11T11:13:54.003000Z</time>
        <extensions>
          <gpxtpx:TrackPointExtension>
            <gpxtpx:hr>178</gpxtpx:hr>
          </gpxtpx:TrackPointExtension>
        </extensions>
      </trkpt>
      <trkpt lat="35.6879996745306" lon="139.761126188439">
        <ele>4.184027781710029</ele>
        <time>2025-08-11T11:13:57.003000Z</time>
        <extensions>
          <gpxtpx:TrackPointExtension>
            <gpxtpx:hr>179</gpxtpx:hr>
          </gpxtpx:TrackPointExtension>
        </extensions>
      </trkpt>
      <trkpt lat="35.68808678638619" lon="139.76108175855632">
        <ele>3.992214746773243</ele>
        <time>2025-08-11T11:14:00Z</time>
      </trkpt>
      <trkpt lat="35.688196452392766" lon="139.76105968739571">
        <ele>3.9211118100211024</ele>
        <time>2025-08-11T11:14:04Z</time>
        <extensions>
          <gpxtpx:TrackPointExtension>
            <gpxtpx:hr>180</gpxtpx:hr>
          </gpxtpx:TrackPointExtension>
        </extensions>
      </trkpt>
      <trkpt lat="35.68830039249627" lon="139.76100549183906">
        <ele>4.352430270984769</ele>
        <time>2025-08-11T11:14:08Z</time>
        <extensions>
          <gpxtpx:TrackPointExtension>
            <gpxtpx:hr>179</gpxtpx:hr>
          </gpxtpx:TrackPointExtension>
        </extensions>
      </trkpt>
      <trkpt lat="35.6884021214273" lon="139.76097193309843">
        <ele>4.101961985230446</ele>
        <time>2025-08-11T11:14:12Z</time>
        <extensions>
          <gpxtpx:TrackPointExtension>
            <gpxtpx:hr>180</gpxtpx:hr>
          </gpxtpx:TrackPointExtension>
        </extensions>
      </trkpt>
      <trkpt lat="35.68849399497147" lon="139.76096455327183">
        <ele>4.790478974580765</ele>
        <time>2025-08-11T11:14:15Z</time>
      </trkpt>
      <trkpt lat="35.688575452306985" lon="139.7609135621081">
        <ele>3.2824460305273533</ele>
        <time>2025-08-11T11:14:19Z</time>
        <extensions>
          <gpxtpx:TrackPointExtension>
            <gpxtpx:hr>180</gpxtpx:hr>
          </gpxtpx:TrackPointExtension>
        </extensions>
      </trkpt>
      <trkpt lat="35.688695816782904" lon="139.76091740656642">
        <ele>3.0912427408620715</ele>
        <time>2025-08-11T11:14:24Z</time>
        <extensions>
          <gpxtpx:TrackPointExtension>
            <gpxtpx:hr>181</gpxtpx:hr>
          </gpxtpx:TrackPointExtension>
        </extensions>
      </trkpt>
      <trkpt lat="35.688788820121445" lon="139.7608714171171">
        <ele>3.4387526139616966</ele>
        <time>2025-08-11T11:14:28Z</time>
      </trkpt>
      <trkpt lat="35.688878339374504" lon="139.76085119581236">
        <ele>3.9191450076177716</ele>
        <time>2025-08-11T11:14:31.001000Z</time>
        <extensions>
          <gpxtpx:TrackPointExtension>
            <gpxtpx:hr>181</gpxtpx:hr>
          </gpxtpx:TrackPointExtension>
        </extensions>
      </trkpt>
      <trkpt lat="35.688991271066165" lon="139.76080914991994">
        <ele>3.8010612968355417</ele>
        <time>2025-08-11T11:14:35.001000Z</time>
        <extensions>
          <gpxtpx:TrackPointExtension>
            <gpxtpx:hr>181</gpxtpx:hr>
          </gpxtpx:TrackPointExtension>
        </extensions>
      </trkpt>
      <trkpt lat="35.68909736062716" lon="139.7607688517217">
        <ele>4.571515583433211</ele>
        <time>2025-08-11T11:14:39.001000Z</time>
        <extensions>
          <gpxtpx:TrackPointExtension>
            <gpxtpx:hr>181</gpxtpx:hr>
          </gpxtpx:TrackPointExtension>
        </extensions>
      </trkpt>
      <trkpt lat="35.68919687243671" lon="139.76073451253632">
        <ele>5.046159797348082</ele>
        <time>2025-08-11T11:14:43.001000Z</time>
        <extensions>
          <gpxtpx:TrackPointExtension>
            <gpxtpx:hr>182</gpxtpx:hr>
          </gpxtpx:TrackPointExtension>
        </extensions>
      </trkpt>
      <trkpt lat="35.68929654808232" lon="139.76067791647264">
        <ele>5.015528053976595</ele>
        <time>2025-08-11T11:14:47.001000Z</time>
        <extensions>
          <gpxtpx:TrackPointExtension>
            <gpxtpx:hr>182</gpxtpx:hr>
          </gpxtpx:TrackPointExtension>
        </extensions>
      </trkpt>
      <trkpt lat="35.68937145236599" lon="139.76059770386988">
        <ele>5.077435334213078</ele>
        <time>2025-08-11T11:14:51.001000Z</time>
        <extensions>
          <gpxtpx:TrackPointExtension>
            <gpxtpx:hr>182</gpxtpx:hr>
          </gpxtpx:TrackPointExtension>
        </extensions>
      </trkpt>
      <trkpt lat="35.689446378959005" lon="139.76049695336997">
        <ele>5.121984587050974</ele>
        <time>2025-08-11T11:14:55.001000Z</time>
      </trkpt>
      <trkpt lat="35.68952603025797" lon="139.7603842743564">
        <ele>3.930336572229862</ele>
        <time>2025-08-11T11:15:00.001000Z</time>
        <extensions>
          <gpxtpx:TrackPointExtension>
            <gpxtpx:hr>182</gpxtpx:hr>
          </gpxtpx:TrackPointExtension>
        </extensions>
      </trkpt>
      <trkpt lat="35.689605770692516" lon="139.7602709687076">
        <ele>5.440186442807317</ele>
        <time>2025-08-11T11:15:05.001000Z</time>
        <extensions>
          <gpxtpx:TrackPointExtension>
            <gpxtpx:hr>182</gpxtpx:hr>
          </gpxtpx:TrackPointExtension>
        </extensions>
      </trkpt>
      <trkpt lat="35.68968982034542" lon="139.7601819421165">
        <ele>7.27439936902374</ele>
        <time>2025-08-11T11:15:10.002000Z</time>
        <extensions>
          <gpxtpx:TrackPointExtension>
            <gpxtpx:hr>182</gpxtpx:hr>
          </gpxtpx:TrackPointExtension>
        </extensions>
      </trkpt>
      <trkpt lat="35.68974891082783" lon="139.76007667655534">
        <ele>5.744293563999236</ele>
        <time>2025-08-11T11:15:14.002000Z</time>
        <extensions>
          <gpxtpx:TrackPointExtension>
            <gpxtpx:hr>182</gpxtpx:hr>
          </gpxtpx:TrackPointExtension>
        </extensions>
      </trkpt>
      <trkpt lat="35.689818087863195" lon="139.75998907442892">
        <ele>5.960493599064648</ele>
        <time>2025-08-11T11:15:18.002000Z</time>
        <extensions>
          <gpxtpx:TrackPointExtension>
            <gpxtpx:hr>182</gpxtpx:hr>
          </gpxtpx:TrackPointExtension>
        </extensions>
      </trkpt>
      <trkpt lat="35.68988076819672" lon="139.75990417185713">
        <ele>5.931909905746579</ele>
        <time>2025-08-11T11:15:22.002000Z</time>
        <extensions>
          <gpxtpx:TrackPointExtension>
            <gpxtpx:hr>183</gpxtpx:hr>
          </gpxtpx:TrackPointExtension>
        </extensions>
      </trkpt>
      <trkpt lat="35.68995876239642" lon="139.7597984803497">
        <ele>5.71687815990299</ele>
        <time>2025-08-11T11:15:26.002000Z</time>
      </trkpt>
      <trkpt lat="35.689991523199886" lon="139.7596917230986">
        <ele>6.025879689492285</ele>
        <time>2025-08-11T11:15:30.002000Z</time>
        <extensions>
          <gpxtpx:TrackPointExtension>
            <gpxtpx:hr>183</gpxtpx:hr>
          </gpxtpx:TrackPointExtension>
        </extensions>
      </trkpt>
      <trkpt lat="35.69000592721231" lon="139.75954652809833">
        <ele>6.033698201179504</ele>
        <time>2025-08-11T11:15:34.002000Z</time>
      </trkpt>
      <trkpt lat="35.69004845565326" lon="139.75944345602528">
        <ele>6.10328168887645</ele>
        <time>2025-08-11T11:15:39.002000Z</time>
        <extensions>
          <gpxtpx:TrackPointExtension>
            <gpxtpx:hr>183</gpxtpx:hr>
          </gpxtpx:TrackPointExtension>
        </extensions>
      </trkpt>
      <trkpt lat="35.690089659457165" lon="139.7593250954039">
        <ele>6.582157546654344</ele>
        <time>2025-08-11T11:15:43.003000Z</time>
        <extensions>
          <gpxtpx:TrackPointExtension>
            <gpxtpx:hr>183</gpxtpx:hr>
          </gpxtpx:TrackPointExtension>
        </extensions>
      </trkpt>
      <trkpt lat="35.69010757054637" lon="139.75919954103006">
        <ele>5.945631183683872</ele>
        <time>2025-08-11T11:15:47.003000Z</time>
        <extensions>
          <gpxtpx:TrackPointExtension>
            <gpxtpx:hr>183</gpxtpx:hr>
          </gpxtpx:TrackPointExtension>
        </extensions>
      </trkpt>
      <trkpt lat="35.69013090175868" lon="139.75907700534063">
        <ele>6.463219238445163</ele>
        <time>2025-08-11T11:15:51.003000Z</time>
        <extensions>
          <gpxtpx:TrackPointExtension>
            <gpxtpx:hr>182</gpxtpx:hr>
          </gpxtpx:TrackPointExtension>
        </extensions>
      </trkpt>
      <trkpt lat="35.690188797717575" lon="139.7589555956361">
        <ele>5.867068121209741</ele>
        <time>2025-08-11T11:15:56.003000Z</time>
      </trkpt>
      <trkpt lat="35.69019302396559" lon="139.75883452821785">
        <ele>6.385314175859094</ele>
        <time>2025-08-11T11:16:00.003000Z</time>
        <extensions>
          <gpxtpx:TrackPointExtension>
            <gpxtpx:hr>183</gpxtpx:hr>
          </gpxtpx:TrackPointExtension>
        </extensions>
      </trkpt>
      <trkpt lat="35.69022291674646" lon="139.75871712231614">
        <ele>6.892240230925381</ele>
        <time>2025-08-11T11:16:09.001000Z</time>
        <extensions>
          <gpxtpx:TrackPointExtension>
            <gpxtpx:hr>184</gpxtpx:hr>
          </gpxtpx:TrackPointExtension>
        </extensions>
      </trkpt>
      <trkpt lat="35.6902192449046" lon="139.75856539207635">
        <ele>7.328817998059094</ele>
        <time>2025-08-11T11:16:14.001000Z</time>
        <extensions>
          <gpxtpx:TrackPointExtension>
            <gpxtpx:hr>184</gpxtpx:hr>
          </gpxtpx:TrackPointExtension>
        </extensions>
      </trkpt>
      <trkpt lat="35.69022577956124" lon="139.75844976996603">
        <ele>7.822048380970955</ele>
        <time>2025-08-11T11:16:18.001000Z</time>
      </trkpt>
      <trkpt lat="35.69026741026459" lon="139.75831694463528">
        <ele>6.935092826373875</ele>
        <time>2025-08-11T11:16:23.001000Z</time>
        <extensions>
          <gpxtpx:TrackPointExtension>
            <gpxtpx:hr>182</gpxtpx:hr>
          </gpxtpx:TrackPointExtension>
        </extensions>
      </trkpt>
      <trkpt lat="35.69030356914781" lon="139.7581991706741">
        <ele>7.400658744387329</ele>
        <time>2025-08-11T11:16:27.001000Z</time>
        <extensions>
          <gpxtpx:TrackPointExtension>
            <gpxtpx:hr>183</gpxtpx:hr>
          </gpxtpx:TrackPointExtension>
        </extensions>
      </trkpt>
      <trkpt lat="35.69032434330993" lon="139.75806609456214">
        <ele>6.67097226716578</ele>
        <time>2025-08-11T11:16:32.001000Z</time>
        <extensions>
          <gpxtpx:TrackPointExtension>
            <gpxtpx:hr>183</gpxtpx:hr>
          </gpxtpx:TrackPointExtension>
        </extensions>
      </trkpt>
      <trkpt lat="35.69035200037581" lon="139.75795978464868">
        <ele>7.918333186767995</ele>
        <time>2025-08-11T11:16:36.001000Z</time>
        <extensions>
          <gpxtpx:TrackPointExtension>
            <gpxtpx:hr>182</gpxtpx:hr>
          </gpxtpx:TrackPointExtension>
        </extensions>
      </trkpt>
      <trkpt lat="35.69038834762351" lon="139.75782872052045">
        <ele>7.749137379229069</ele>
        <time>2025-08-11T11:16:40.001000Z</time>
      </trkpt>
      <trkpt lat="35.69040268951652" lon="139.7576847672045">
        <ele>7.897903326898813</ele>
        <time>2025-08-11T11:16:44.001000Z</time>
        <extensions>
          <gpxtpx:TrackPointExtension>
            <gpxtpx:hr>183</gpxtpx:hr>
          </gpxtpx:TrackPointExtension>
        </extensions>
      </trkpt>
      <trkpt lat="35.690442010025144" lon="139.75757391771222">
        <ele>8.184526288881898</ele>
        <time>2025-08-11T11:16:49.001000Z</time>
        <extensions>
          <gpxtpx:TrackPointExtension>
            <gpxtpx:hr>181</gpxtpx:hr>
          </gpxtpx:TrackPointExtension>
        </extensions>
      </trkpt>
      <trkpt lat="35.69043904130141" lon="139.75744806525896">
        <ele>7.901488684117794</ele>
        <time>2025-08-11T11:16:53.001000Z</time>
        <extensions>
          <gpxtpx:TrackPointExtension>
            <gpxtpx:hr>183</gpxtpx:hr>
          </gpxtpx:TrackPointExtension>
        </extensions>
      </trkpt>
      <trkpt lat="35.69044039797268" lon="139.75733553906161">
        <ele>7.80591637454927</ele>
        <time>2025-08-11T11:16:57.001000Z</time>
      </trkpt>
      <trkpt lat="35.69045453186266" lon="139.75720263378514">
        <ele>7.5576138105243444</ele>
        <time>2025-08-11T11:17:02.002000Z</time>
        <extensions>
          <gpxtpx:TrackPointExtension>
            <gpxtpx:hr>183</gpxtpx:hr>
          </gpxtpx:TrackPointExtension>
        </extensions>
      </trkpt>
      <trkpt lat="35.690472105238335" lon="139.75707534475438">
        <ele>6.915705516003072</ele>
        <time>2025-08-11T11:17:08.002000Z</time>
        <extensions>
          <gpxtpx:TrackPointExtension>
            <gpxtpx:hr>181</gpxtpx:hr>
          </gpxtpx:TrackPointExtension>
        </extensions>
      </trkpt>
      <trkpt lat="35.69049390794351" lon="139.7569674600982">
        <ele>6.86912105884403</ele>
        <time>2025-08-11T11:17:13.002000Z</time>
        <extensions>
          <gpxtpx:TrackPointExtension>
            <gpxtpx:hr>181</gpxtpx:hr>
          </gpxtpx:TrackPointExtension>
        </extensions>
      </trkpt>
      <trkpt lat="35.69050618993502" lon="139.75683937239535">
        <ele>7.589284512214363</ele>
        <time>2025-08-11T11:17:18.002000Z</time>
        <extensions>
          <gpxtpx:TrackPointExtension>
            <gpxtpx:hr>181</gpxtpx:hr>
          </gpxtpx:TrackPointExtension>
        </extensions>
      </trkpt>
      <trkpt lat="35.690527237464295" lon="139.75671859625103">
        <ele>5.871050936169922</ele>
        <time>2025-08-11T11:17:23.002000Z</time>
        <extensions>
          <gpxtpx:TrackPointExtension>
            <gpxtpx:hr>180</gpxtpx:hr>
          </gpxtpx:TrackPointExtension>
        </extensions>
      </trkpt>
      <trkpt lat="35.690556102793025" lon="139.75659728771066">
        <ele>6.153745207004249</ele>
        <time>2025-08-11T11:17:28.002000Z</time>
        <extensions>
          <gpxtpx:TrackPointExtension>
            <gpxtpx:hr>180</gpxtpx:hr>
          </gpxtpx:TrackPointExtension>
        </extensions>
      </trkpt>
      <trkpt lat="35.690567414436586" lon="139.75647614902013">
        <ele>5.7099729012697935</ele>
        <time>2025-08-11T11:17:33.002000Z</time>
        <extensions>
          <gpxtpx:TrackPointExtension>
            <gpxtpx:hr>180</gpxtpx:hr>
          </gpxtpx:TrackPointExtension>
        </extensions>
      </trkpt>
      <trkpt lat="35.690579889833685" lon="139.75635470098408">
        <ele>6.47210864443332</ele>
        <time>2025-08-11T11:17:38.002000Z</time>
        <extensions>
          <gpxtpx:TrackPointExtension>
            <gpxtpx:hr>180</gpxtpx:hr>
          </gpxtpx:TrackPointExtension>
        </extensions>
      </trkpt>
      <trkpt lat="35.6905612316583" lon="139.75623688733742">
        <ele>6.120874574407935</ele>
        <time>2025-08-11T11:17:43.003000Z</time>
        <extensions>
          <gpxtpx:TrackPointExtension>
            <gpxtpx:hr>180</gpxtpx:hr>
          </gpxtpx:TrackPointExtension>
        </extensions>
      </trkpt>
      <trkpt lat="35.690518346913954" lon="139.75612471226523">
        <ele>6.949111541733146</ele>
        <time>2025-08-11T11:17:48.003000Z</time>
      </trkpt>
      <trkpt lat="35.6904746960272" lon="139.75600761864456">
        <ele>7.75633508618921</ele>
        <time>2025-08-11T11:17:53.003000Z</time>
        <extensions>
          <gpxtpx:TrackPointExtension>
            <gpxtpx:hr>181</gpxtpx:hr>
          </gpxtpx:TrackPointExtension>
        </extensions>
      </trkpt>
      <trkpt lat="35.69043249586565" lon="139.75589076181825">
        <ele>8.345985107123852</ele>
        <time>2025-08-11T11:17:58.003000Z</time>
        <extensions>
          <gpxtpx:TrackPointExtension>
            <gpxtpx:hr>180</gpxtpx:hr>
          </gpxtpx:TrackPointExtension>
        </extensions>
      </trkpt>
      <trkpt lat="35.69039602181911" lon="139.7557756780706">
        <ele>8.72728712670505</ele>
        <time>2025-08-11T11:18:02.003000Z</time>
      </trkpt>
      <trkpt lat="35.69035735781066" lon="139.75567123192363">
        <ele>9.22201061528176</ele>
        <time>2025-08-11T11:18:05.003000Z</time>
        <extensions>
          <gpxtpx:TrackPointExtension>
            <gpxtpx:hr>181</gpxtpx:hr>
          </gpxtpx:TrackPointExtension>
        </extensions>
      </trkpt>
      <trkpt lat="35.69030256779375" lon="139.75556033166413">
        <ele>9.044939434155822</ele>
        <time>2025-08-11T11:18:09.003000Z</time>
        <extensions>
          <gpxtpx:TrackPointExtension>
            <gpxtpx:hr>183</gpxtpx:hr>
          </gpxtpx:TrackPointExtension>
        </extensions>
      </trkpt>
      <trkpt lat="35.690267846622575" lon="139.7554547361389">
        <ele>11.21988962776959</ele>
        <time>2025-08-11T11:18:13.001000Z</time>
      </trkpt>
      <trkpt lat="35.69021035019319" lon="139.75536099642696">
        <ele>10.722605796530843</ele>
        <time>2025-08-11T11:18:17.001000Z</time>
        <extensions>
          <gpxtpx:TrackPointExtension>
            <gpxtpx:hr>183</gpxtpx:hr>
          </gpxtpx:TrackPointExtension>
        </extensions>
      </trkpt>
      <trkpt lat="35.69015720336086" lon="139.75524551600554">
        <ele>9.909716312773526</ele>
        <time>2025-08-11T11:18:23.001000Z</time>
        <extensions>
          <gpxtpx:TrackPointExtension>
            <gpxtpx:hr>184</gpxtpx:hr>
          </gpxtpx:TrackPointExtension>
        </extensions>
      </trkpt>
      <trkpt lat="35.69011384454191" lon="139.75512399989336">
        <ele>11.022134840488434</ele>
        <time>2025-08-11T11:18:29.001000Z</time>
        <extensions>
          <gpxtpx:TrackPointExtension>
            <gpxtpx:hr>184</gpxtpx:hr>
          </gpxtpx:TrackPointExtension>
        </extensions>
      </trkpt>
      <trkpt lat="35.69006276707843" lon="139.755021212672">
        <ele>9.480811559595168</ele>
        <time>2025-08-11T11:18:34.001000Z</time>
        <extensions>
          <gpxtpx:TrackPointExtension>
            <gpxtpx:hr>184</gpxtpx:hr>
          </gpxtpx:TrackPointExtension>
        </extensions>
      </trkpt>
      <trkpt lat="35.69000767328921" lon="139.7549178106012">
        <ele>10.248048201203346</ele>
        <time>2025-08-11T11:18:39.001000Z</time>
        <extensions>
          <gpxtpx:TrackPointExtension>
            <gpxtpx:hr>185</gpxtpx:hr>
          </gpxtpx:TrackPointExtension>
        </extensions>
      </trkpt>
      <trkpt lat="35.689962451902204" lon="139.75481066279377">
        <ele>9.091578448191285</ele>
        <time>2025-08-11T11:18:43.001000Z</time>
        <extensions>
          <gpxtpx:TrackPointExtension>
            <gpxtpx:hr>185</gpxtpx:hr>
          </gpxtpx:TrackPointExtension>
        </extensions>
      </trkpt>
      <trkpt lat="35.689926168692445" lon="139.75467728227537">
        <ele>9.873261656612158</ele>
        <time>2025-08-11T11:18:47.001000Z</time>
        <extensions>
          <gpxtpx:TrackPointExtension>
            <gpxtpx:hr>186</gpxtpx:hr>
          </gpxtpx:TrackPointExtension>
        </extensions>
      </trkpt>
      <trkpt lat="35.689891371147844" lon="139.75457073629647">
        <ele>11.423249726183712</ele>
        <time>2025-08-11T11:18:51.001000Z</time>
        <extensions>
          <gpxtpx:TrackPointExtension>
            <gpxtpx:hr>186</gpxtpx:hr>
          </gpxtpx:TrackPointExtension>
        </extensions>
      </trkpt>
      <trkpt lat="35.68983060853464" lon="139.75445068740987">
        <ele>10.770408611744642</ele>
        <time>2025-08-11T11:18:56.001000Z</time>
      </trkpt>
      <trkpt lat="35.689774204282976" lon="139.75432487792855">
        <ele>12.201275745406747</ele>
        <time>2025-08-11T11:19:01.001000Z</time>
        <extensions>
          <gpxtpx:TrackPointExtension>
            <gpxtpx:hr>185</gpxtpx:hr>
          </gpxtpx:TrackPointExtension>
        </extensions>
      </trkpt>
      <trkpt lat="35.68973249123308" lon="139.75422395314888">
        <ele>11.978049890138209</ele>
        <time>2025-08-11T11:19:05.001000Z</time>
        <extensions>
          <gpxtpx:TrackPointExtension>
            <gpxtpx:hr>185</gpxtpx:hr>
          </gpxtpx:TrackPointExtension>
        </extensions>
      </trkpt>
      <trkpt lat="35.689667658115276" lon="139.7541367056078">
        <ele>10.952179716899991</ele>
        <time>2025-08-11T11:19:09.001000Z</time>
        <extensions>
          <gpxtpx:TrackPointExtension>
            <gpxtpx:hr>186</gpxtpx:hr>
          </gpxtpx:TrackPointExtension>
        </extensions>
      </trkpt>
      <trkpt lat="35.68961238102194" lon="139.75401610656613">
        <ele>11.202783449552953</ele>
        <time>2025-08-11T11:19:14.002000Z</time>
        <extensions>
          <gpxtpx:TrackPointExtension>
            <gpxtpx:hr>185</gpxtpx:hr>
          </gpxtpx:TrackPointExtension>
        </extensions>
      </trkpt>
      <trkpt lat="35.68955784380603" lon="139.75392110736658">
        <ele>11.22057633753866</ele>
        <time>2025-08-11T11:19:18.002000Z</time>
        <extensions>
          <gpxtpx:TrackPointExtension>
            <gpxtpx:hr>185</gpxtpx:hr>
          </gpxtpx:TrackPointExtension>
        </extensions>
      </trkpt>
      <trkpt lat="35.68950555392316" lon="139.75382852617196">
        <ele>11.543827464804053</ele>
        <time>2025-08-11T11:19:22.002000Z</time>
      </trkpt>
      <trkpt lat="35.68948152252103" lon="139.75369595534906">
        <ele>10.974321998655796</ele>
        <time>2025-08-11T11:19:27.002000Z</time>
        <extensions>
          <gpxtpx:TrackPointExtension>
            <gpxtpx:hr>184</gpxtpx:hr>
          </gpxtpx:TrackPointExtension>
        </extensions>
      </trkpt>
      <trkpt lat="35.689413450146255" lon="139.7536019364929">
        <ele>12.499587056227028</ele>
        <time>2025-08-11T11:19:32.002000Z</time>
        <extensions>
          <gpxtpx:TrackPointExtension>
            <gpxtpx:hr>185</gpxtpx:hr>
          </gpxtpx:TrackPointExtension>
        </extensions>
      </trkpt>
      <trkpt lat="35.68934426674511" lon="139.753501477969">
        <ele>13.253753448836505</ele>
        <time>2025-08-11T11:19:37.002000Z</time>
        <extensions>
          <gpxtpx:TrackPointExtension>
            <gpxtpx:hr>185</gpxtpx:hr>
          </gpxtpx:TrackPointExtension>
        </extensions>
      </trkpt>
      <trkpt lat="35.689286458674694" lon="139.75340111259973">
        <ele>12.699847157113254</ele>
        <time>2025-08-11T11:19:41.002000Z</time>
      </trkpt>
      <trkpt lat="35.689237883953425" lon="139.7532815627984">
        <ele>13.020345334894955</ele>
        <time>2025-08-11T11:19:47.002000Z</time>
        <extensions>
          <gpxtpx:TrackPointExtension>
            <gpxtpx:hr>185</gpxtpx:hr>
          </gpxtpx:TrackPointExtension>
        </extensions>
      </trkpt>
      <trkpt lat="35.689208594454826" lon="139.75314909399629">
        <ele>13.351580312475562</ele>
        <time>2025-08-11T11:19:51.002000Z</time>
      </trkpt>
      <trkpt lat="35.68919407532081" lon="139.75302439259193">
        <ele>13.635102652013302</ele>
        <time>2025-08-11T11:19:55.003000Z</time>
        <extensions>
          <gpxtpx:TrackPointExtension>
            <gpxtpx:hr>185</gpxtpx:hr>
          </gpxtpx:TrackPointExtension>
        </extensions>
      </trkpt>
      <trkpt lat="35.68918743183988" lon="139.75290909866894">
        <ele>14.431923491880298</ele>
        <time>2025-08-11T11:19:59.003000Z</time>
        <extensions>
          <gpxtpx:TrackPointExtension>
            <gpxtpx:hr>186</gpxtpx:hr>
          </gpxtpx:TrackPointExtension>
        </extensions>
      </trkpt>
      <trkpt lat="35.68919774232326" lon="139.75277810970601">
        <ele>14.733306574635208</ele>
        <time>2025-08-11T11:20:03.003000Z</time>
      </trkpt>
      <trkpt lat="35.68921835197142" lon="139.75263579524716">
        <ele>16.01124851498753</ele>
        <time>2025-08-11T11:20:08.003000Z</time>
        <extensions>
          <gpxtpx:TrackPointExtension>
            <gpxtpx:hr>187</gpxtpx:hr>
          </gpxtpx:TrackPointExtension>
        </extensions>
      </trkpt>
      <trkpt lat="35.68925972925602" lon="139.75252748321833">
        <ele>17.132492317818105</ele>
        <time>2025-08-11T11:20:12.003000Z</time>
        <extensions>
          <gpxtpx:TrackPointExtension>
            <gpxtpx:hr>187</gpxtpx:hr>
          </gpxtpx:TrackPointExtension>
        </extensions>
      </trkpt>
      <trkpt lat="35.68931923874609" lon="139.75240730766788">
        <ele>16.71949567925185</ele>
        <time>2025-08-11T11:20:17.003000Z</time>
      </trkpt>
      <trkpt lat="35.689374587903814" lon="139.75231592144416">
        <ele>18.371340604498982</ele>
        <time>2025-08-11T11:20:21Z</time>
        <extensions>
          <gpxtpx:TrackPointExtension>
            <gpxtpx:hr>186</gpxtpx:hr>
          </gpxtpx:TrackPointExtension>
        </extensions>
      </trkpt>
      <trkpt lat="35.68945011401846" lon="139.75221548531198">
        <ele>18.009966761805117</ele>
        <time>2025-08-11T11:20:26Z</time>
      </trkpt>
      <trkpt lat="35.689500754867325" lon="139.75211788067656">
        <ele>19.414590990170836</ele>
        <time>2025-08-11T11:20:30Z</time>
        <extensions>
          <gpxtpx:TrackPointExtension>
            <gpxtpx:hr>187</gpxtpx:hr>
          </gpxtpx:TrackPointExtension>
        </extensions>
      </trkpt>
      <trkpt lat="35.689492397595366" lon="139.75198830152843">
        <ele>20.632708645425737</ele>
        <time>2025-08-11T11:20:35Z</time>
      </trkpt>
      <trkpt lat="35.689459333600496" lon="139.751861385589">
        <ele>21.240147978067398</ele>
        <time>2025-08-11T11:20:40Z</time>
        <extensions>
          <gpxtpx:TrackPointExtension>
            <gpxtpx:hr>187</gpxtpx:hr>
          </gpxtpx:TrackPointExtension>
        </extensions>
      </trkpt>
      <trkpt lat="35.68941237039947" lon="139.7517385080703">
        <ele>19.700455707497895</ele>
        <time>2025-08-11T11:20:45.001000Z</time>
        <extensions>
          <gpxtpx:TrackPointExtension>
            <gpxtpx:hr>186</gpxtpx:hr>
          </gpxtpx:TrackPointExtension>
        </extensions>
      </trkpt>
      <trkpt lat="35.68937960317939" lon="139.75161641340665">
        <ele>19.77118644118309</ele>
        <time>2025-08-11T11:20:50.001000Z</time>
        <extensions>
          <gpxtpx:TrackPointExtension>
            <gpxtpx:hr>186</gpxtpx:hr>
          </gpxtpx:TrackPointExtension>
        </extensions>
      </trkpt>
      <trkpt lat="35.68936336627651" lon="139.75148799985766">
        <ele>20.863316684029996</ele>
        <time>2025-08-11T11:20:56.001000Z</time>
        <extensions>
          <gpxtpx:TrackPointExtension>
            <gpxtpx:hr>185</gpxtpx:hr>
          </gpxtpx:TrackPointExtension>
        </extensions>
      </trkpt>
      <trkpt lat="35.68933884655737" lon="139.7513807483309">
        <ele>21.340779043734074</ele>
        <time>2025-08-11T11:21:01.001000Z</time>
        <extensions>
          <gpxtpx:TrackPointExtension>
            <gpxtpx:hr>185</gpxtpx:hr>
          </gpxtpx:TrackPointExtension>
        </extensions>
      </trkpt>
      <trkpt lat="35.68929001333786" lon="139.75127638046197">
        <ele>20.49027800373733</ele>
        <time>2025-08-11T11:21:06.001000Z</time>
        <extensions>
          <gpxtpx:TrackPointExtension>
            <gpxtpx:hr>184</gpxtpx:hr>
          </gpxtpx:TrackPointExtension>
        </extensions>
      </trkpt>
      <trkpt lat="35.689238539817644" lon="139.7511540246166">
        <ele>20.695391063578427</ele>
        <time>2025-08-11T11:21:11.001000Z</time>
        <extensions>
          <gpxtpx:TrackPointExtension>
            <gpxtpx:hr>184</gpxtpx:hr>
          </gpxtpx:TrackPointExtension>
        </extensions>
      </trkpt>
      <trkpt lat="35.689194534062516" lon="139.75104136817">
        <ele>20.4565294329077</ele>
        <time>2025-08-11T11:21:16.001000Z</time>
      </trkpt>
      <trkpt lat="35.68914827872581" lon="139.75093338167338">
        <ele>20.40745738055557</ele>
        <time>2025-08-11T11:21:21.001000Z</time>
        <extensions>
          <gpxtpx:TrackPointExtension>
            <gpxtpx:hr>183</gpxtpx:hr>
          </gpxtpx:TrackPointExtension>
        </extensions>
      </trkpt>
      <trkpt lat="35.689091002572574" lon="139.75083667726668">
        <ele>20.50073593109846</ele>
        <time>2025-08-11T11:21:26.001000Z</time>
        <extensions>
          <gpxtpx:TrackPointExtension>
            <gpxtpx:hr>184</gpxtpx:hr>
          </gpxtpx:TrackPointExtension>
        </extensions>
      </trkpt>
      <trkpt lat="35.689049416522685" lon="139.75073614347144">
        <ele>21.603707134723663</ele>
        <time>2025-08-11T11:21:31.002000Z</time>
        <extensions>
          <gpxtpx:TrackPointExtension>
            <gpxtpx:hr>184</gpxtpx:hr>
          </gpxtpx:TrackPointExtension>
        </extensions>
      </trkpt>
      <trkpt lat="35.689003811768586" lon="139.75062310347033">
        <ele>22.268694675527513</ele>
        <time>2025-08-11T11:21:36.002000Z</time>
        <extensions>
          <gpxtpx:TrackPointExtension>
            <gpxtpx:hr>183</gpxtpx:hr>
          </gpxtpx:TrackPointExtension>
        </extensions>
      </trkpt>
      <trkpt lat="35.68895529748962" lon="139.75050246121708">
        <ele>21.522051081061363</ele>
        <time>2025-08-11T11:21:40.002000Z</time>
        <extensions>
          <gpxtpx:TrackPointExtension>
            <gpxtpx:hr>184</gpxtpx:hr>
          </gpxtpx:TrackPointExtension>
        </extensions>
      </trkpt>
      <trkpt lat="35.68890850969368" lon="139.75038381346835">
        <ele>22.244936020113528</ele>
        <time>2025-08-11T11:21:44.002000Z</time>
        <extensions>
          <gpxtpx:TrackPointExtension>
            <gpxtpx:hr>184</gpxtpx:hr>
          </gpxtpx:TrackPointExtension>
        </extensions>
      </trkpt>
      <trkpt lat="35.688870364816715" lon="139.7502575605036">
        <ele>21.525568361394107</ele>
        <time>2025-08-11T11:21:48.002000Z</time>
        <extensions>
          <gpxtpx:TrackPointExtension>
            <gpxtpx:hr>184</gpxtpx:hr>
          </gpxtpx:TrackPointExtension>
        </extensions>
      </trkpt>
      <trkpt lat="35.688814292680746" lon="139.7501546751765">
        <ele>21.99929015059024</ele>
        <time>2025-08-11T11:21:52.002000Z</time>
        <extensions>
          <gpxtpx:TrackPointExtension>
            <gpxtpx:hr>184</gpxtpx:hr>
          </gpxtpx:TrackPointExtension>
        </extensions>
      </trkpt>
      <trkpt lat="35.688775912461104" lon="139.75004538952706">
        <ele>22.73090867511928</ele>
        <time>2025-08-11T11:21:56.002000Z</time>
        <extensions>
          <gpxtpx:TrackPointExtension>
            <gpxtpx:hr>182</gpxtpx:hr>
          </gpxtpx:TrackPointExtension>
        </extensions>
      </trkpt>
      <trkpt lat="35.68873263024548" lon="139.74994618557378">
        <ele>23.113976918160915</ele>
        <time>2025-08-11T11:22:00.002000Z</time>
      </trkpt>
      <trkpt lat="35.68865441405506" lon="139.7498392987131">
        <ele>21.116408078931272</ele>
        <time>2025-08-11T11:22:05.002000Z</time>
        <extensions>
          <gpxtpx:TrackPointExtension>
            <gpxtpx:hr>183</gpxtpx:hr>
          </gpxtpx:TrackPointExtension>
        </extensions>
      </trkpt>
      <trkpt lat="35.68864819288376" lon="139.74971246026792">
        <ele>23.001804458908737</ele>
        <time>2025-08-11T11:22:10.002000Z</time>
      </trkpt>
      <trkpt lat="35.68860816055144" lon="139.74960562654695">
        <ele>23.347103075124323</ele>
        <time>2025-08-11T11:22:14.002000Z</time>
        <extensions>
          <gpxtpx:TrackPointExtension>
            <gpxtpx:hr>184</gpxtpx:hr>
          </gpxtpx:TrackPointExtension>
        </extensions>
      </trkpt>
      <trkpt lat="35.68853292094769" lon="139.74953726946706">
        <ele>22.375541174784303</ele>
        <time>2025-08-11T11:22:18.003000Z</time>
        <extensions>
          <gpxtpx:TrackPointExtension>
            <gpxtpx:hr>184</gpxtpx:hr>
          </gpxtpx:TrackPointExtension>
        </extensions>
      </trkpt>
      <trkpt lat="35.688476475803355" lon="139.74942123453934">
        <ele>23.445903442800045</ele>
        <time>2025-08-11T11:22:23.003000Z</time>
        <extensions>
          <gpxtpx:TrackPointExtension>
            <gpxtpx:hr>185</gpxtpx:hr>
          </gpxtpx:TrackPointExtension>
        </extensions>
      </trkpt>
      <trkpt lat="35.68843791590308" lon="139.74930449128252">
        <ele>21.926393581554294</ele>
        <time>2025-08-11T11:22:27.001000Z</time>
      </trkpt>
      <trkpt lat="35.68838708035302" lon="139.74919504387276">
        <ele>23.02678108587861</ele>
        <time>2025-08-11T11:22:32.001000Z</time>
        <extensions>
          <gpxtpx:TrackPointExtension>
            <gpxtpx:hr>185</gpxtpx:hr>
          </gpxtpx:TrackPointExtension>
        </extensions>
      </trkpt>
      <trkpt lat="35.688346013246566" lon="139.74906630457423">
        <ele>23.60313826892525</ele>
        <time>2025-08-11T11:22:37Z</time>
        <extensions>
          <gpxtpx:TrackPointExtension>
            <gpxtpx:hr>185</gpxtpx:hr>
          </gpxtpx:TrackPointExtension>
        </extensions>
      </trkpt>
      <trkpt lat="35.68829597838745" lon="139.74896239709233">
        <ele>23.65763369202614</ele>
        <time>2025-08-11T11:22:42.001000Z</time>
        <extensions>
          <gpxtpx:TrackPointExtension>
            <gpxtpx:hr>185</gpxtpx:hr>
          </gpxtpx:TrackPointExtension>
        </extensions>
      </trkpt>
      <trkpt lat="35.68825933466846" lon="139.74884944560347">
        <ele>23.06840253714472</ele>
        <time>2025-08-11T11:22:47.001000Z</time>
      </trkpt>
      <trkpt lat="35.68820610254446" lon="139.74874534780542">
        <ele>23.587630439549685</ele>
        <time>2025-08-11T11:22:52.001000Z</time>
        <extensions>
          <gpxtpx:TrackPointExtension>
            <gpxtpx:hr>185</gpxtpx:hr>
          </gpxtpx:TrackPointExtension>
        </extensions>
      </trkpt>
      <trkpt lat="35.68817233913669" lon="139.74863027494825">
        <ele>24.44062364846468</ele>
        <time>2025-08-11T11:22:57.001000Z</time>
        <extensions>
          <gpxtpx:TrackPointExtension>
            <gpxtpx:hr>183</gpxtpx:hr>
          </gpxtpx:TrackPointExtension>
        </extensions>
      </trkpt>
      <trkpt lat="35.68816540701619" lon="139.7485170104432">
        <ele>23.823113238438964</ele>
        <time>2025-08-11T11:23:02.001000Z</time>
        <extensions>
          <gpxtpx:TrackPointExtension>
            <gpxtpx:hr>184</gpxtpx:hr>
          </gpxtpx:TrackPointExtension>
        </extensions>
      </trkpt>
      <trkpt lat="35.688122411140064" lon="139.74841494367402">
        <ele>23.944490268826485</ele>
        <time>2025-08-11T11:23:07.001000Z</time>
        <extensions>
          <gpxtpx:TrackPointExtension>
            <gpxtpx:hr>185</gpxtpx:hr>
          </gpxtpx:TrackPointExtension>
        </extensions>
      </trkpt>
      <trkpt lat="35.688115319326904" lon="139.74829868702432">
        <ele>23.655847900547087</ele>
        <time>2025-08-11T11:23:12.001000Z</time>
        <extensions>
          <gpxtpx:TrackPointExtension>
            <gpxtpx:hr>184</gpxtpx:hr>
          </gpxtpx:TrackPointExtension>
        </extensions>
      </trkpt>
      <trkpt lat="35.68809443484159" lon="139.74818638611296">
        <ele>23.58618646301329</ele>
        <time>2025-08-11T11:23:17.001000Z</time>
        <extensions>
          <gpxtpx:TrackPointExtension>
            <gpxtpx:hr>184</gpxtpx:hr>
          </gpxtpx:TrackPointExtension>
        </extensions>
      </trkpt>
      <trkpt lat="35.68807745830847" lon="139.74805374357905">
        <ele>23.42887376062572</ele>
        <time>2025-08-11T11:23:23.001000Z</time>
        <extensions>
          <gpxtpx:TrackPointExtension>
            <gpxtpx:hr>183</gpxtpx:hr>
          </gpxtpx:TrackPointExtension>
        </extensions>
      </trkpt>
      <trkpt lat="35.68805031414575" lon="139.74793336976052">
        <ele>23.60970349982381</ele>
        <time>2025-08-11T11:23:28.001000Z</time>
      </trkpt>
      <trkpt lat="35.68802021400885" lon="139.74780630623405">
        <ele>23.734087677672505</ele>
        <time>2025-08-11T11:23:33.001000Z</time>
        <extensions>
          <gpxtpx:TrackPointExtension>
            <gpxtpx:hr>182</gpxtpx:hr>
          </gpxtpx:TrackPointExtension>
        </extensions>
      </trkpt>
      <trkpt lat="35.68800730672506" lon="139.7476858757426">
        <ele>23.888949646614492</ele>
        <time>2025-08-11T11:23:38.002000Z</time>
        <extensions>
          <gpxtpx:TrackPointExtension>
            <gpxtpx:hr>182</gpxtpx:hr>
          </gpxtpx:TrackPointExtension>
        </extensions>
      </trkpt>
      <trkpt lat="35.68799828405621" lon="139.7475457354891">
        <ele>24.391024278476834</ele>
        <time>2025-08-11T11:23:43.002000Z</time>
        <extensions>
          <gpxtpx:TrackPointExtension>
            <gpxtpx:hr>182</gpxtpx:hr>
          </gpxtpx:TrackPointExtension>
        </extensions>
      </trkpt>
      <trkpt lat="35.687969310719446" lon="139.74743748060226">
        <ele>24.670517720282078</ele>
        <time>2025-08-11T11:23:46.002000Z</time>
      </trkpt>
      <trkpt lat="35.68797971403021" lon="139.7473035112883">
        <ele>25.278013181872666</ele>
        <time>2025-08-11T11:23:50.002000Z</time>
        <extensions>
          <gpxtpx:TrackPointExtension>
            <gpxtpx:hr>183</gpxtpx:hr>
          </gpxtpx:TrackPointExtension>
        </extensions>
      </trkpt>
      <trkpt lat="35.68796417687727" lon="139.74718347884237">
        <ele>24.65656952932477</ele>
        <time>2025-08-11T11:23:54.002000Z</time>
        <extensions>
          <gpxtpx:TrackPointExtension>
            <gpxtpx:hr>183</gpxtpx:hr>
          </gpxtpx:TrackPointExtension>
        </extensions>
      </trkpt>
      <trkpt lat="35.6879515133385" lon="139.74706551715553">
        <ele>25.90822794009</ele>
        <time>2025-08-11T11:23:58.002000Z</time>
        <extensions>
          <gpxtpx:TrackPointExtension>
            <gpxtpx:hr>183</gpxtpx:hr>
          </gpxtpx:TrackPointExtension>
        </extensions>
      </trkpt>
      <trkpt lat="35.687962723261364" lon="139.74693152735017">
        <ele>24.766123552806675</ele>
        <time>2025-08-11T11:24:02.002000Z</time>
        <extensions>
          <gpxtpx:TrackPointExtension>
            <gpxtpx:hr>184</gpxtpx:hr>
          </gpxtpx:TrackPointExtension>
        </extensions>
      </trkpt>
      <trkpt lat="35.68795375998508" lon="139.7467964494655">
        <ele>25.68131768796593</ele>
        <time>2025-08-11T11:24:07.002000Z</time>
      </trkpt>
      <trkpt lat="35.68795111941607" lon="139.74666213660015">
        <ele>26.699894125573337</ele>
        <time>2025-08-11T11:24:11.002000Z</time>
        <extensions>
          <gpxtpx:TrackPointExtension>
            <gpxtpx:hr>185</gpxtpx:hr>
          </gpxtpx:TrackPointExtension>
        </extensions>
      </trkpt>
      <trkpt lat="35.68795568154316" lon="139.74655066181265">
        <ele>26.462975822389126</ele>
        <time>2025-08-11T11:24:15.002000Z</time>
        <extensions>
          <gpxtpx:TrackPointExtension>
            <gpxtpx:hr>185</gpxtpx:hr>
          </gpxtpx:TrackPointExtension>
        </extensions>
      </trkpt>
      <trkpt lat="35.687946184788075" lon="139.74643107941765">
        <ele>26.052251966670156</ele>
        <time>2025-08-11T11:24:19.002000Z</time>
      </trkpt>
      <trkpt lat="35.68796718456269" lon="139.7463075967769">
        <ele>24.95652585849166</ele>
        <time>2025-08-11T11:24:23.002000Z</time>
        <extensions>
          <gpxtpx:TrackPointExtension>
            <gpxtpx:hr>185</gpxtpx:hr>
          </gpxtpx:TrackPointExtension>
        </extensions>
      </trkpt>
      <trkpt lat="35.68796965906487" lon="139.74619058679403">
        <ele>24.78968829009682</ele>
        <time>2025-08-11T11:24:27.003000Z</time>
        <extensions>
          <gpxtpx:TrackPointExtension>
            <gpxtpx:hr>185</gpxtpx:hr>
          </gpxtpx:TrackPointExtension>
        </extensions>
      </trkpt>
      <trkpt lat="35.687980325210304" lon="139.74605387767522">
        <ele>23.159593671560287</ele>
        <time>2025-08-11T11:24:31Z</time>
      </trkpt>
      <trkpt lat="35.68797612562764" lon="139.74592872520225">
        <ele>23.237059650942683</ele>
        <time>2025-08-11T11:24:35Z</time>
        <extensions>
          <gpxtpx:TrackPointExtension>
            <gpxtpx:hr>184</gpxtpx:hr>
          </gpxtpx:TrackPointExtension>
        </extensions>
      </trkpt>
      <trkpt lat="35.68798915999931" lon="139.74579655295503">
        <ele>20.169401711784303</ele>
        <time>2025-08-11T11:24:39Z</time>
      </trkpt>
      <trkpt lat="35.688002793504644" lon="139.74568058409173">
        <ele>20.20509915612638</ele>
        <time>2025-08-11T11:24:43Z</time>
        <extensions>
          <gpxtpx:TrackPointExtension>
            <gpxtpx:hr>184</gpxtpx:hr>
          </gpxtpx:TrackPointExtension>
        </extensions>
      </trkpt>
      <trkpt lat="35.688010109127845" lon="139.74556349737776">
        <ele>22.832246389240026</ele>
        <time>2025-08-11T11:24:47Z</time>
      </trkpt>
      <trkpt lat="35.68801881390699" lon="139.74544800305034">
        <ele>21.736565473489463</ele>
        <time>2025-08-11T11:24:51Z</time>
        <extensions>
          <gpxtpx:TrackPointExtension>
            <gpxtpx:hr>184</gpxtpx:hr>
          </gpxtpx:TrackPointExtension>
        </extensions>
      </trkpt>
      <trkpt lat="35.687948451270266" lon="139.74533949873873">
        <ele>23.36914574727416</ele>
        <time>2025-08-11T11:24:56.001000Z</time>
        <extensions>
          <gpxtpx:TrackPointExtension>
            <gpxtpx:hr>184</gpxtpx:hr>
          </gpxtpx:TrackPointExtension>
        </extensions>
      </trkpt>
      <trkpt lat="35.68787886843948" lon="139.7452418802136">
        <ele>23.883690170012414</ele>
        <time>2025-08-11T11:25:01.001000Z</time>
        <extensions>
          <gpxtpx:TrackPointExtension>
            <gpxtpx:hr>183</gpxtpx:hr>
          </gpxtpx:TrackPointExtension>
        </extensions>
      </trkpt>
      <trkpt lat="35.68778575224988" lon="139.74522778726953">
        <ele>23.617081134580076</ele>
        <time>2025-08-11T11:25:06.001000Z</time>
      </trkpt>
      <trkpt lat="35.68769548734727" lon="139.74522780399312">
        <ele>23.663258000276983</ele>
        <time>2025-08-11T11:25:11.001000Z</time>
        <extensions>
          <gpxtpx:TrackPointExtension>
            <gpxtpx:hr>183</gpxtpx:hr>
          </gpxtpx:TrackPointExtension>
        </extensions>
      </trkpt>
      <trkpt lat="35.687583908635425" lon="139.74517164728223">
        <ele>25.131988756358624</ele>
        <time>2025-08-11T11:25:16.001000Z</time>
        <extensions>
          <gpxtpx:TrackPointExtension>
            <gpxtpx:hr>182</gpxtpx:hr>
          </gpxtpx:TrackPointExtension>
        </extensions>
      </trkpt>
      <trkpt lat="35.6874906404694" lon="139.74518907938716">
        <ele>25.005290410481393</ele>
        <time>2025-08-11T11:25:20.001000Z</time>
        <extensions>
          <gpxtpx:TrackPointExtension>
            <gpxtpx:hr>182</gpxtpx:hr>
          </gpxtpx:TrackPointExtension>
        </extensions>
      </trkpt>
      <trkpt lat="35.68739973655358" lon="139.74511417541405">
        <ele>25.112135303206742</ele>
        <time>2025-08-11T11:25:24.001000Z</time>
        <extensions>
          <gpxtpx:TrackPointExtension>
            <gpxtpx:hr>183</gpxtpx:hr>
          </gpxtpx:TrackPointExtension>
        </extensions>
      </trkpt>
      <trkpt lat="35.68730472834021" lon="139.74508136503283">
        <ele>26.00772982276976</ele>
        <time>2025-08-11T11:25:29.001000Z</time>
        <extensions>
          <gpxtpx:TrackPointExtension>
            <gpxtpx:hr>183</gpxtpx:hr>
          </gpxtpx:TrackPointExtension>
        </extensions>
      </trkpt>
      <trkpt lat="35.687209290263176" lon="139.74507548643646">
        <ele>26.28280119318515</ele>
        <time>2025-08-11T11:25:33.001000Z</time>
      </trkpt>
      <trkpt lat="35.687118995825145" lon="139.74504679258072">
        <ele>26.81859853118658</ele>
        <time>2025-08-11T11:25:37.001000Z</time>
        <extensions>
          <gpxtpx:TrackPointExtension>
            <gpxtpx:hr>183</gpxtpx:hr>
          </gpxtpx:TrackPointExtension>
        </extensions>
      </trkpt>
      <trkpt lat="35.68702397873652" lon="139.74501466939876">
        <ele>27.194529502652586</ele>
        <time>2025-08-11T11:25:41.001000Z</time>
        <extensions>
          <gpxtpx:TrackPointExtension>
            <gpxtpx:hr>184</gpxtpx:hr>
          </gpxtpx:TrackPointExtension>
        </extensions>
      </trkpt>
      <trkpt lat="35.68692003029854" lon="139.74499563657886">
        <ele>27.34918981231749</ele>
        <time>2025-08-11T11:25:46.001000Z</time>
        <extensions>
          <gpxtpx:TrackPointExtension>
            <gpxtpx:hr>184</gpxtpx:hr>
          </gpxtpx:TrackPointExtension>
        </extensions>
      </trkpt>
      <trkpt lat="35.68680900787666" lon="139.7449927247368">
        <ele>28.146516644395888</ele>
        <time>2025-08-11T11:25:51.002000Z</time>
      </trkpt>
      <trkpt lat="35.68670336591432" lon="139.7449457418145">
        <ele>27.486271746456623</ele>
        <time>2025-08-11T11:25:55.002000Z</time>
        <extensions>
          <gpxtpx:TrackPointExtension>
            <gpxtpx:hr>185</gpxtpx:hr>
          </gpxtpx:TrackPointExtension>
        </extensions>
      </trkpt>
      <trkpt lat="35.68661336078297" lon="139.74496044598914">
        <ele>27.196050121448934</ele>
        <time>2025-08-11T11:26:00.002000Z</time>
        <extensions>
          <gpxtpx:TrackPointExtension>
            <gpxtpx:hr>185</gpxtpx:hr>
          </gpxtpx:TrackPointExtension>
        </extensions>
      </trkpt>
      <trkpt lat="35.68651816569288" lon="139.74490152887256">
        <ele>28.43605687096715</ele>
        <time>2025-08-11T11:26:04.002000Z</time>
      </trkpt>
      <trkpt lat="35.68640606111812" lon="139.7448873749162">
        <ele>28.65949863847345</ele>
        <time>2025-08-11T11:26:09.002000Z</time>
        <extensions>
          <gpxtpx:TrackPointExtension>
            <gpxtpx:hr>185</gpxtpx:hr>
          </gpxtpx:TrackPointExtension>
        </extensions>
      </trkpt>
      <trkpt lat="35.68629627646202" lon="139.74484098011624">
        <ele>28.670822200365365</ele>
        <time>2025-08-11T11:26:14.002000Z</time>
        <extensions>
          <gpxtpx:TrackPointExtension>
            <gpxtpx:hr>185</gpxtpx:hr>
          </gpxtpx:TrackPointExtension>
        </extensions>
      </trkpt>
      <trkpt lat="35.686203689828666" lon="139.74481707733398">
        <ele>28.86517288442701</ele>
        <time>2025-08-11T11:26:18.002000Z</time>
        <extensions>
          <gpxtpx:TrackPointExtension>
            <gpxtpx:hr>184</gpxtpx:hr>
          </gpxtpx:TrackPointExtension>
        </extensions>
      </trkpt>
      <trkpt lat="35.686103263989494" lon="139.74478566889977">
        <ele>28.562468389049172</ele>
        <time>2025-08-11T11:26:23.002000Z</time>
      </trkpt>
      <trkpt lat="35.68600673028698" lon="139.74476969222357">
        <ele>28.91345645301044</ele>
        <time>2025-08-11T11:26:28.002000Z</time>
        <extensions>
          <gpxtpx:TrackPointExtension>
            <gpxtpx:hr>181</gpxtpx:hr>
          </gpxtpx:TrackPointExtension>
        </extensions>
      </trkpt>
      <trkpt lat="35.68591463684094" lon="139.74473775757195">
        <ele>28.904554368928075</ele>
        <time>2025-08-11T11:26:32.002000Z</time>
        <extensions>
          <gpxtpx:TrackPointExtension>
            <gpxtpx:hr>183</gpxtpx:hr>
          </gpxtpx:TrackPointExtension>
        </extensions>
      </trkpt>
      <trkpt lat="35.68581733623128" lon="139.7447076602073">
        <ele>28.56517592072487</ele>
        <time>2025-08-11T11:26:37Z</time>
      </trkpt>
      <trkpt lat="35.685732614762046" lon="139.74466248452654">
        <ele>29.534205796197057</ele>
        <time>2025-08-11T11:26:42Z</time>
        <extensions>
          <gpxtpx:TrackPointExtension>
            <gpxtpx:hr>184</gpxtpx:hr>
          </gpxtpx:TrackPointExtension>
        </extensions>
      </trkpt>
      <trkpt lat="35.68562614048407" lon="139.74464549114165">
        <ele>29.70833151228726</ele>
        <time>2025-08-11T11:26:47Z</time>
        <extensions>
          <gpxtpx:TrackPointExtension>
            <gpxtpx:hr>184</gpxtpx:hr>
          </gpxtpx:TrackPointExtension>
        </extensions>
      </trkpt>
      <trkpt lat="35.68551937776515" lon="139.74462282849973">
        <ele>28.56416001636535</ele>
        <time>2025-08-11T11:26:52Z</time>
        <extensions>
          <gpxtpx:TrackPointExtension>
            <gpxtpx:hr>184</gpxtpx:hr>
          </gpxtpx:TrackPointExtension>
        </extensions>
      </trkpt>
      <trkpt lat="35.68541703008091" lon="139.7445923703769">
        <ele>30.36365903634578</ele>
        <time>2025-08-11T11:26:58Z</time>
        <extensions>
          <gpxtpx:TrackPointExtension>
            <gpxtpx:hr>184</gpxtpx:hr>
          </gpxtpx:TrackPointExtension>
        </extensions>
      </trkpt>
      <trkpt lat="35.6853058541696" lon="139.74456013453874">
        <ele>29.768714456818998</ele>
        <time>2025-08-11T11:27:02Z</time>
        <extensions>
          <gpxtpx:TrackPointExtension>
            <gpxtpx:hr>184</gpxtpx:hr>
          </gpxtpx:TrackPointExtension>
        </extensions>
      </trkpt>
      <trkpt lat="35.6852182544269" lon="139.74452077616627">
        <ele>29.698646382428706</ele>
        <time>2025-08-11T11:27:06Z</time>
        <extensions>
          <gpxtpx:TrackPointExtension>
            <gpxtpx:hr>184</gpxtpx:hr>
          </gpxtpx:TrackPointExtension>
        </extensions>
      </trkpt>
      <trkpt lat="35.68509645756959" lon="139.74448983568604">
        <ele>30.703347850590944</ele>
        <time>2025-08-11T11:27:11Z</time>
      </trkpt>
      <trkpt lat="35.6849951322027" lon="139.7444827900256">
        <ele>30.65389857813716</ele>
        <time>2025-08-11T11:27:15Z</time>
        <extensions>
          <gpxtpx:TrackPointExtension>
            <gpxtpx:hr>184</gpxtpx:hr>
          </gpxtpx:TrackPointExtension>
        </extensions>
      </trkpt>
      <trkpt lat="35.68490347151681" lon="139.7444624148488">
        <ele>29.976900876499712</ele>
        <time>2025-08-11T11:27:19.001000Z</time>
        <extensions>
          <gpxtpx:TrackPointExtension>
            <gpxtpx:hr>183</gpxtpx:hr>
          </gpxtpx:TrackPointExtension>
        </extensions>
      </trkpt>
      <trkpt lat="35.68482012496298" lon="139.74441437058735">
        <ele>29.98818478360772</ele>
        <time>2025-08-11T11:27:22.001000Z</time>
        <extensions>
          <gpxtpx:TrackPointExtension>
            <gpxtpx:hr>184</gpxtpx:hr>
          </gpxtpx:TrackPointExtension>
        </extensions>
      </trkpt>
      <trkpt lat="35.68473021701531" lon="139.74439736568337">
        <ele>29.584699443541467</ele>
        <time>2025-08-11T11:27:26.001000Z</time>
      </trkpt>
      <trkpt lat="35.68463565622189" lon="139.74437277326243">
        <ele>29.00559340324253</ele>
        <time>2025-08-11T11:27:30.001000Z</time>
        <extensions>
          <gpxtpx:TrackPointExtension>
            <gpxtpx:hr>185</gpxtpx:hr>
          </gpxtpx:TrackPointExtension>
        </extensions>
      </trkpt>
      <trkpt lat="35.68454276798867" lon="139.74436888497883">
        <ele>29.816964662633836</ele>
        <time>2025-08-11T11:27:34.001000Z</time>
        <extensions>
          <gpxtpx:TrackPointExtension>
            <gpxtpx:hr>184</gpxtpx:hr>
          </gpxtpx:TrackPointExtension>
        </extensions>
      </trkpt>
      <trkpt lat="35.68443675356327" lon="139.74433097795733">
        <ele>29.82953329756856</ele>
        <time>2025-08-11T11:27:39.001000Z</time>
        <extensions>
          <gpxtpx:TrackPointExtension>
            <gpxtpx:hr>184</gpxtpx:hr>
          </gpxtpx:TrackPointExtension>
        </extensions>
      </trkpt>
      <trkpt lat="35.68433385146631" lon="139.7443059607731">
        <ele>28.97127154842019</ele>
        <time>2025-08-11T11:27:43.001000Z</time>
      </trkpt>
      <trkpt lat="35.6842404908074" lon="139.74431266756332">
        <ele>29.073549742810428</ele>
        <time>2025-08-11T11:27:47.001000Z</time>
        <extensions>
          <gpxtpx:TrackPointExtension>
            <gpxtpx:hr>184</gpxtpx:hr>
          </gpxtpx:TrackPointExtension>
        </extensions>
      </trkpt>
      <trkpt lat="35.684149871030016" lon="139.7443135194977">
        <ele>28.886455500498414</ele>
        <time>2025-08-11T11:27:50.001000Z</time>
      </trkpt>
      <trkpt lat="35.68405147550048" lon="139.74433737826934">
        <ele>28.116237673908472</ele>
        <time>2025-08-11T11:27:54.001000Z</time>
        <extensions>
          <gpxtpx:TrackPointExtension>
            <gpxtpx:hr>184</gpxtpx:hr>
          </gpxtpx:TrackPointExtension>
        </extensions>
      </trkpt>
      <trkpt lat="35.68394456857112" lon="139.74432403448967">
        <ele>27.810442480258644</ele>
        <time>2025-08-11T11:27:58.001000Z</time>
        <extensions>
          <gpxtpx:TrackPointExtension>
            <gpxtpx:hr>184</gpxtpx:hr>
          </gpxtpx:TrackPointExtension>
        </extensions>
      </trkpt>
      <trkpt lat="35.68385136352527" lon="139.74430214971946">
        <ele>27.769196371547878</ele>
        <time>2025-08-11T11:28:02.001000Z</time>
        <extensions>
          <gpxtpx:TrackPointExtension>
            <gpxtpx:hr>184</gpxtpx:hr>
          </gpxtpx:TrackPointExtension>
        </extensions>
      </trkpt>
      <trkpt lat="35.683759884374645" lon="139.744305664693">
        <ele>28.093048033304513</ele>
        <time>2025-08-11T11:28:06.001000Z</time>
      </trkpt>
      <trkpt lat="35.68348612766933" lon="139.74429473691796">
        <ele>26.54870182275772</ele>
        <time>2025-08-11T11:29:13Z</time>
        <extensions>
          <gpxtpx:TrackPointExtension>
            <gpxtpx:hr>172</gpxtpx:hr>
          </gpxtpx:TrackPointExtension>
        </extensions>
      </trkpt>
      <trkpt lat="35.683380624938316" lon="139.7443183132008">
        <ele>27.02321517188102</ele>
        <time>2025-08-11T11:29:18Z</time>
        <extensions>
          <gpxtpx:TrackPointExtension>
            <gpxtpx:hr>171</gpxtpx:hr>
          </gpxtpx:TrackPointExtension>
        </extensions>
      </trkpt>
      <trkpt lat="35.68327312009879" lon="139.74433732851952">
        <ele>26.203864803537726</ele>
        <time>2025-08-11T11:29:23.001000Z</time>
      </trkpt>
      <trkpt lat="35.68316880411428" lon="139.74436415705617">
        <ele>27.610270887613297</ele>
        <time>2025-08-11T11:29:29.001000Z</time>
        <extensions>
          <gpxtpx:TrackPointExtension>
            <gpxtpx:hr>165</gpxtpx:hr>
          </gpxtpx:TrackPointExtension>
        </extensions>
      </trkpt>
      <trkpt lat="35.68307258626289" lon="139.74436058258607">
        <ele>26.82729127071798</ele>
        <time>2025-08-11T11:29:34.001000Z</time>
        <extensions>
          <gpxtpx:TrackPointExtension>
            <gpxtpx:hr>165</gpxtpx:hr>
          </gpxtpx:TrackPointExtension>
        </extensions>
      </trkpt>
      <trkpt lat="35.68296825951743" lon="139.74438499192024">
        <ele>25.727003671228886</ele>
        <time>2025-08-11T11:29:39.001000Z</time>
        <extensions>
          <gpxtpx:TrackPointExtension>
            <gpxtpx:hr>165</gpxtpx:hr>
          </gpxtpx:TrackPointExtension>
        </extensions>
      </trkpt>
      <trkpt lat="35.68287631906682" lon="139.74440892485418">
        <ele>25.935133881866932</ele>
        <time>2025-08-11T11:29:43.001000Z</time>
        <extensions>
          <gpxtpx:TrackPointExtension>
            <gpxtpx:hr>170</gpxtpx:hr>
          </gpxtpx:TrackPointExtension>
        </extensions>
      </trkpt>
      <trkpt lat="35.68277067881044" lon="139.74441758449703">
        <ele>26.262424040585756</ele>
        <time>2025-08-11T11:29:48.001000Z</time>
      </trkpt>
      <trkpt lat="35.68266956255027" lon="139.74444651403937">
        <ele>25.683862761594355</ele>
        <time>2025-08-11T11:29:53.001000Z</time>
        <extensions>
          <gpxtpx:TrackPointExtension>
            <gpxtpx:hr>167</gpxtpx:hr>
          </gpxtpx:TrackPointExtension>
        </extensions>
      </trkpt>
      <trkpt lat="35.682573915468055" lon="139.74449381592063">
        <ele>25.27949149440974</ele>
        <time>2025-08-11T11:29:58.001000Z</time>
        <extensions>
          <gpxtpx:TrackPointExtension>
            <gpxtpx:hr>166</gpxtpx:hr>
          </gpxtpx:TrackPointExtension>
        </extensions>
      </trkpt>
      <trkpt lat="35.6824833612226" lon="139.74451807092294">
        <ele>24.547136902809143</ele>
        <time>2025-08-11T11:30:02.001000Z</time>
      </trkpt>
      <trkpt lat="35.68237627278478" lon="139.7445420135908">
        <ele>25.314553627744317</ele>
        <time>2025-08-11T11:30:06.001000Z</time>
        <extensions>
          <gpxtpx:TrackPointExtension>
            <gpxtpx:hr>168</gpxtpx:hr>
          </gpxtpx:TrackPointExtension>
        </extensions>
      </trkpt>
      <trkpt lat="35.68228485597228" lon="139.74459635394564">
        <ele>26.499239148572087</ele>
        <time>2025-08-11T11:30:09.002000Z</time>
        <extensions>
          <gpxtpx:TrackPointExtension>
            <gpxtpx:hr>168</gpxtpx:hr>
          </gpxtpx:TrackPointExtension>
        </extensions>
      </trkpt>
      <trkpt lat="35.68218096344608" lon="139.74462652743642">
        <ele>26.17052538599819</ele>
        <time>2025-08-11T11:30:13.002000Z</time>
        <extensions>
          <gpxtpx:TrackPointExtension>
            <gpxtpx:hr>169</gpxtpx:hr>
          </gpxtpx:TrackPointExtension>
        </extensions>
      </trkpt>
      <trkpt lat="35.68209235644191" lon="139.74468332445144">
        <ele>27.41258743032813</ele>
        <time>2025-08-11T11:30:17.002000Z</time>
      </trkpt>
      <trkpt lat="35.68201152596483" lon="139.74473260336893">
        <ele>25.49471044447273</ele>
        <time>2025-08-11T11:30:21.002000Z</time>
        <extensions>
          <gpxtpx:TrackPointExtension>
            <gpxtpx:hr>174</gpxtpx:hr>
          </gpxtpx:TrackPointExtension>
        </extensions>
      </trkpt>
      <trkpt lat="35.681927156308916" lon="139.74478649924148">
        <ele>25.499249941669405</ele>
        <time>2025-08-11T11:30:25.002000Z</time>
      </trkpt>
      <trkpt lat="35.68184201856245" lon="139.74482531942644">
        <ele>22.392058766447008</ele>
        <time>2025-08-11T11:30:29.002000Z</time>
        <extensions>
          <gpxtpx:TrackPointExtension>
            <gpxtpx:hr>176</gpxtpx:hr>
          </gpxtpx:TrackPointExtension>
        </extensions>
      </trkpt>
      <trkpt lat="35.68175461947717" lon="139.7448793954033">
        <ele>24.158979065716267</ele>
        <time>2025-08-11T11:30:33.002000Z</time>
        <extensions>
          <gpxtpx:TrackPointExtension>
            <gpxtpx:hr>176</gpxtpx:hr>
          </gpxtpx:TrackPointExtension>
        </extensions>
      </trkpt>
      <trkpt lat="35.68166228115584" lon="139.74493061975448">
        <ele>25.598163845948875</ele>
        <time>2025-08-11T11:30:37.002000Z</time>
      </trkpt>
      <trkpt lat="35.68157306980636" lon="139.74498134455075">
        <ele>24.62164837308228</ele>
        <time>2025-08-11T11:30:41.002000Z</time>
        <extensions>
          <gpxtpx:TrackPointExtension>
            <gpxtpx:hr>175</gpxtpx:hr>
          </gpxtpx:TrackPointExtension>
        </extensions>
      </trkpt>
      <trkpt lat="35.68148200172869" lon="139.74505242479503">
        <ele>24.886891859583557</ele>
        <time>2025-08-11T11:30:45.002000Z</time>
        <extensions>
          <gpxtpx:TrackPointExtension>
            <gpxtpx:hr>176</gpxtpx:hr>
          </gpxtpx:TrackPointExtension>
        </extensions>
      </trkpt>
      <trkpt lat="35.681393109947386" lon="139.7451096431726">
        <ele>24.320852554403245</ele>
        <time>2025-08-11T11:30:49Z</time>
      </trkpt>
      <trkpt lat="35.68130830914178" lon="139.74515652833372">
        <ele>21.274768834002316</ele>
        <time>2025-08-11T11:30:53Z</time>
      </trkpt>
      <trkpt lat="35.681214493167836" lon="139.74520832996487">
        <ele>23.13244727998972</ele>
        <time>2025-08-11T11:30:57Z</time>
        <extensions>
          <gpxtpx:TrackPointExtension>
            <gpxtpx:hr>175</gpxtpx:hr>
          </gpxtpx:TrackPointExtension>
        </extensions>
      </trkpt>
      <trkpt lat="35.68112714338068" lon="139.74526057454182">
        <ele>23.647910436615348</ele>
        <time>2025-08-11T11:31:01Z</time>
        <extensions>
          <gpxtpx:TrackPointExtension>
            <gpxtpx:hr>177</gpxtpx:hr>
          </gpxtpx:TrackPointExtension>
        </extensions>
      </trkpt>
      <trkpt lat="35.68102567985535" lon="139.74531471574662">
        <ele>23.82048987876624</ele>
        <time>2025-08-11T11:31:05Z</time>
      </trkpt>
      <trkpt lat="35.68093694669616" lon="139.7453672511807">
        <ele>23.924448588863015</ele>
        <time>2025-08-11T11:31:09Z</time>
        <extensions>
          <gpxtpx:TrackPointExtension>
            <gpxtpx:hr>179</gpxtpx:hr>
          </gpxtpx:TrackPointExtension>
        </extensions>
      </trkpt>
      <trkpt lat="35.680850518364046" lon="139.74543965922425">
        <ele>23.166909070685506</ele>
        <time>2025-08-11T11:31:13Z</time>
      </trkpt>
      <trkpt lat="35.68076283279146" lon="139.7454796224777">
        <ele>22.13124881312251</ele>
        <time>2025-08-11T11:31:17Z</time>
        <extensions>
          <gpxtpx:TrackPointExtension>
            <gpxtpx:hr>178</gpxtpx:hr>
          </gpxtpx:TrackPointExtension>
        </extensions>
      </trkpt>
      <trkpt lat="35.68066626451707" lon="139.74552856899024">
        <ele>21.36700188368559</ele>
        <time>2025-08-11T11:31:21Z</time>
        <extensions>
          <gpxtpx:TrackPointExtension>
            <gpxtpx:hr>179</gpxtpx:hr>
          </gpxtpx:TrackPointExtension>
        </extensions>
      </trkpt>
      <trkpt lat="35.68057006399884" lon="139.74558141216352">
        <ele>22.23831837438047</ele>
        <time>2025-08-11T11:31:25Z</time>
      </trkpt>
      <trkpt lat="35.680477736076625" lon="139.74564276746423">
        <ele>22.169959164224565</ele>
        <time>2025-08-11T11:31:29.001000Z</time>
        <extensions>
          <gpxtpx:TrackPointExtension>
            <gpxtpx:hr>179</gpxtpx:hr>
          </gpxtpx:TrackPointExtension>
        </extensions>
      </trkpt>
      <trkpt lat="35.68039555378029" lon="139.74571923552693">
        <ele>21.924484186805785</ele>
        <time>2025-08-11T11:31:33.001000Z</time>
        <extensions>
          <gpxtpx:TrackPointExtension>
            <gpxtpx:hr>180</gpxtpx:hr>
          </gpxtpx:TrackPointExtension>
        </extensions>
      </trkpt>
      <trkpt lat="35.68029873186571" lon="139.74577260396072">
        <ele>21.07530205976218</ele>
        <time>2025-08-11T11:31:37.001000Z</time>
        <extensions>
          <gpxtpx:TrackPointExtension>
            <gpxtpx:hr>180</gpxtpx:hr>
          </gpxtpx:TrackPointExtension>
        </extensions>
      </trkpt>
      <trkpt lat="35.68020538158206" lon="139.74581438699423">
        <ele>20.19537170417607</ele>
        <time>2025-08-11T11:31:41.001000Z</time>
      </trkpt>
      <trkpt lat="35.68010667882568" lon="139.74587881006764">
        <ele>20.84085998404771</ele>
        <time>2025-08-11T11:31:45.001000Z</time>
        <extensions>
          <gpxtpx:TrackPointExtension>
            <gpxtpx:hr>179</gpxtpx:hr>
          </gpxtpx:TrackPointExtension>
        </extensions>
      </trkpt>
      <trkpt lat="35.68001204962249" lon="139.7459432873606">
        <ele>18.961358038708568</ele>
        <time>2025-08-11T11:31:49.001000Z</time>
      </trkpt>
      <trkpt lat="35.679922380004065" lon="139.74599615858602">
        <ele>19.295995862223208</ele>
        <time>2025-08-11T11:31:52.001000Z</time>
      </trkpt>
      <trkpt lat="35.679845091524946" lon="139.74608501195306">
        <ele>17.785501246340573</ele>
        <time>2025-08-11T11:31:56.001000Z</time>
        <extensions>
          <gpxtpx:TrackPointExtension>
            <gpxtpx:hr>180</gpxtpx:hr>
          </gpxtpx:TrackPointExtension>
        </extensions>
      </trkpt>
      <trkpt lat="35.6797928859705" lon="139.74621261205954">
        <ele>17.38930737040937</ele>
        <time>2025-08-11T11:32:00.001000Z</time>
      </trkpt>
      <trkpt lat="35.6797501413548" lon="139.74633461132927">
        <ele>17.22555564250797</ele>
        <time>2025-08-11T11:32:04.001000Z</time>
        <extensions>
          <gpxtpx:TrackPointExtension>
            <gpxtpx:hr>180</gpxtpx:hr>
          </gpxtpx:TrackPointExtension>
        </extensions>
      </trkpt>
      <trkpt lat="35.67971574486414" lon="139.7464369104062">
        <ele>15.71569541003555</ele>
        <time>2025-08-11T11:32:07.001000Z</time>
        <extensions>
          <gpxtpx:TrackPointExtension>
            <gpxtpx:hr>180</gpxtpx:hr>
          </gpxtpx:TrackPointExtension>
        </extensions>
      </trkpt>
      <trkpt lat="35.67967692224613" lon="139.74655918249036">
        <ele>16.743777437135577</ele>
        <time>2025-08-11T11:32:11.001000Z</time>
      </trkpt>
      <trkpt lat="35.679643093662854" lon="139.74668300633937">
        <ele>15.830386261455715</ele>
        <time>2025-08-11T11:32:15.002000Z</time>
        <extensions>
          <gpxtpx:TrackPointExtension>
            <gpxtpx:hr>179</gpxtpx:hr>
          </gpxtpx:TrackPointExtension>
        </extensions>
      </trkpt>
      <trkpt lat="35.67959664314057" lon="139.7468029571006">
        <ele>15.940201452933252</ele>
        <time>2025-08-11T11:32:19.002000Z</time>
      </trkpt>
      <trkpt lat="35.679571960314995" lon="139.74691926657593">
        <ele>16.00432010833174</ele>
        <time>2025-08-11T11:32:23.002000Z</time>
        <extensions>
          <gpxtpx:TrackPointExtension>
            <gpxtpx:hr>180</gpxtpx:hr>
          </gpxtpx:TrackPointExtension>
        </extensions>
      </trkpt>
      <trkpt lat="35.67955180679239" lon="139.7470336601692">
        <ele>15.986754569225013</ele>
        <time>2025-08-11T11:32:27.002000Z</time>
      </trkpt>
      <trkpt lat="35.67950305219206" lon="139.7471693334244">
        <ele>15.709066226147115</ele>
        <time>2025-08-11T11:32:32.002000Z</time>
        <extensions>
          <gpxtpx:TrackPointExtension>
            <gpxtpx:hr>179</gpxtpx:hr>
          </gpxtpx:TrackPointExtension>
        </extensions>
      </trkpt>
      <trkpt lat="35.67944793119287" lon="139.74728913541873">
        <ele>15.861696253530681</ele>
        <time>2025-08-11T11:32:36.002000Z</time>
        <extensions>
          <gpxtpx:TrackPointExtension>
            <gpxtpx:hr>180</gpxtpx:hr>
          </gpxtpx:TrackPointExtension>
        </extensions>
      </trkpt>
      <trkpt lat="35.679386569800855" lon="139.7473982850103">
        <ele>15.982374683953822</ele>
        <time>2025-08-11T11:32:40.002000Z</time>
        <extensions>
          <gpxtpx:TrackPointExtension>
            <gpxtpx:hr>178</gpxtpx:hr>
          </gpxtpx:TrackPointExtension>
        </extensions>
      </trkpt>
      <trkpt lat="35.67933109776826" lon="139.74749686439938">
        <ele>15.228080621920526</ele>
        <time>2025-08-11T11:32:44.002000Z</time>
      </trkpt>
      <trkpt lat="35.67925611940172" lon="139.74759001117266">
        <ele>14.775181219913065</ele>
        <time>2025-08-11T11:32:48.002000Z</time>
        <extensions>
          <gpxtpx:TrackPointExtension>
            <gpxtpx:hr>178</gpxtpx:hr>
          </gpxtpx:TrackPointExtension>
        </extensions>
      </trkpt>
      <trkpt lat="35.6791772749183" lon="139.74767960483842">
        <ele>15.215299948118627</ele>
        <time>2025-08-11T11:32:53.002000Z</time>
      </trkpt>
      <trkpt lat="35.67909783761843" lon="139.7477802519516">
        <ele>16.08423378970474</ele>
        <time>2025-08-11T11:32:57.001000Z</time>
        <extensions>
          <gpxtpx:TrackPointExtension>
            <gpxtpx:hr>177</gpxtpx:hr>
          </gpxtpx:TrackPointExtension>
        </extensions>
      </trkpt>
      <trkpt lat="35.67902330564457" lon="139.74786486743494">
        <ele>15.90224489197135</ele>
        <time>2025-08-11T11:33:01.001000Z</time>
        <extensions>
          <gpxtpx:TrackPointExtension>
            <gpxtpx:hr>178</gpxtpx:hr>
          </gpxtpx:TrackPointExtension>
        </extensions>
      </trkpt>
      <trkpt lat="35.67894568243115" lon="139.74793357662205">
        <ele>14.733212664723396</ele>
        <time>2025-08-11T11:33:05.001000Z</time>
        <extensions>
          <gpxtpx:TrackPointExtension>
            <gpxtpx:hr>179</gpxtpx:hr>
          </gpxtpx:TrackPointExtension>
        </extensions>
      </trkpt>
      <trkpt lat="35.67886503847223" lon="139.7480057579632">
        <ele>13.96932659856975</ele>
        <time>2025-08-11T11:33:09.001000Z</time>
        <extensions>
          <gpxtpx:TrackPointExtension>
            <gpxtpx:hr>179</gpxtpx:hr>
          </gpxtpx:TrackPointExtension>
        </extensions>
      </trkpt>
      <trkpt lat="35.67879682496106" lon="139.74809010959999">
        <ele>14.67363837454468</ele>
        <time>2025-08-11T11:33:13.001000Z</time>
        <extensions>
          <gpxtpx:TrackPointExtension>
            <gpxtpx:hr>179</gpxtpx:hr>
          </gpxtpx:TrackPointExtension>
        </extensions>
      </trkpt>
      <trkpt lat="35.67869948066756" lon="139.74815568622842">
        <ele>14.409969103522599</ele>
        <time>2025-08-11T11:33:17.001000Z</time>
        <extensions>
          <gpxtpx:TrackPointExtension>
            <gpxtpx:hr>180</gpxtpx:hr>
          </gpxtpx:TrackPointExtension>
        </extensions>
      </trkpt>
      <trkpt lat="35.67863558952089" lon="139.748235608634">
        <ele>14.047618766315281</ele>
        <time>2025-08-11T11:33:21.001000Z</time>
        <extensions>
          <gpxtpx:TrackPointExtension>
            <gpxtpx:hr>182</gpxtpx:hr>
          </gpxtpx:TrackPointExtension>
        </extensions>
      </trkpt>
      <trkpt lat="35.678537505024785" lon="139.7482942171871">
        <ele>14.426935909315944</ele>
        <time>2025-08-11T11:33:26.001000Z</time>
      </trkpt>
      <trkpt lat="35.67844461106497" lon="139.74838557581228">
        <ele>14.376000593416393</ele>
        <time>2025-08-11T11:33:30.001000Z</time>
        <extensions>
          <gpxtpx:TrackPointExtension>
            <gpxtpx:hr>183</gpxtpx:hr>
          </gpxtpx:TrackPointExtension>
        </extensions>
      </trkpt>
      <trkpt lat="35.678359490764585" lon="139.7484411785021">
        <ele>14.322102958336473</ele>
        <time>2025-08-11T11:33:34.001000Z</time>
      </trkpt>
      <trkpt lat="35.67829219002353" lon="139.74851899312117">
        <ele>13.57688751630485</ele>
        <time>2025-08-11T11:33:38.001000Z</time>
        <extensions>
          <gpxtpx:TrackPointExtension>
            <gpxtpx:hr>182</gpxtpx:hr>
          </gpxtpx:TrackPointExtension>
        </extensions>
      </trkpt>
      <trkpt lat="35.67819479895989" lon="139.7485984372166">
        <ele>13.46895442251116</ele>
        <time>2025-08-11T11:33:42.001000Z</time>
        <extensions>
          <gpxtpx:TrackPointExtension>
            <gpxtpx:hr>183</gpxtpx:hr>
          </gpxtpx:TrackPointExtension>
        </extensions>
      </trkpt>
      <trkpt lat="35.678103410403" lon="139.74864834045044">
        <ele>12.183760348707438</ele>
        <time>2025-08-11T11:33:46.001000Z</time>
      </trkpt>
      <trkpt lat="35.678020158897404" lon="139.7487109055433">
        <ele>13.38466362748295</ele>
        <time>2025-08-11T11:33:50.001000Z</time>
        <extensions>
          <gpxtpx:TrackPointExtension>
            <gpxtpx:hr>183</gpxtpx:hr>
          </gpxtpx:TrackPointExtension>
        </extensions>
      </trkpt>
      <trkpt lat="35.67793510921734" lon="139.74881054098154">
        <ele>13.513951152563095</ele>
        <time>2025-08-11T11:33:54.001000Z</time>
        <extensions>
          <gpxtpx:TrackPointExtension>
            <gpxtpx:hr>184</gpxtpx:hr>
          </gpxtpx:TrackPointExtension>
        </extensions>
      </trkpt>
      <trkpt lat="35.67784902325649" lon="139.74888529025307">
        <ele>14.16092402022332</ele>
        <time>2025-08-11T11:33:59.001000Z</time>
        <extensions>
          <gpxtpx:TrackPointExtension>
            <gpxtpx:hr>184</gpxtpx:hr>
          </gpxtpx:TrackPointExtension>
        </extensions>
      </trkpt>
      <trkpt lat="35.6777823015598" lon="139.74897310512415">
        <ele>13.173174725845456</ele>
        <time>2025-08-11T11:34:03.001000Z</time>
        <extensions>
          <gpxtpx:TrackPointExtension>
            <gpxtpx:hr>183</gpxtpx:hr>
          </gpxtpx:TrackPointExtension>
        </extensions>
      </trkpt>
      <trkpt lat="35.67770372287509" lon="139.7490662900574">
        <ele>12.741865055635571</ele>
        <time>2025-08-11T11:34:08.002000Z</time>
      </trkpt>
      <trkpt lat="35.67763063345757" lon="139.74916914158115">
        <ele>13.844033434055746</ele>
        <time>2025-08-11T11:34:13.002000Z</time>
        <extensions>
          <gpxtpx:TrackPointExtension>
            <gpxtpx:hr>184</gpxtpx:hr>
          </gpxtpx:TrackPointExtension>
        </extensions>
      </trkpt>
      <trkpt lat="35.67755463249731" lon="139.749269379478">
        <ele>13.57860457431525</ele>
        <time>2025-08-11T11:34:18.002000Z</time>
        <extensions>
          <gpxtpx:TrackPointExtension>
            <gpxtpx:hr>183</gpxtpx:hr>
          </gpxtpx:TrackPointExtension>
        </extensions>
      </trkpt>
      <trkpt lat="35.677501924299555" lon="139.74936508442175">
        <ele>12.984631383791566</ele>
        <time>2025-08-11T11:34:22.002000Z</time>
        <extensions>
          <gpxtpx:TrackPointExtension>
            <gpxtpx:hr>182</gpxtpx:hr>
          </gpxtpx:TrackPointExtension>
        </extensions>
      </trkpt>
      <trkpt lat="35.677461581874645" lon="139.74948407468773">
        <ele>13.20501112472266</ele>
        <time>2025-08-11T11:34:26.002000Z</time>
        <extensions>
          <gpxtpx:TrackPointExtension>
            <gpxtpx:hr>182</gpxtpx:hr>
          </gpxtpx:TrackPointExtension>
        </extensions>
      </trkpt>
      <trkpt lat="35.67743296833447" lon="139.74960657929114">
        <ele>12.243338258005679</ele>
        <time>2025-08-11T11:34:30.002000Z</time>
      </trkpt>
      <trkpt lat="35.67742067982818" lon="139.74973312033305">
        <ele>12.656521004624665</ele>
        <time>2025-08-11T11:34:34.002000Z</time>
        <extensions>
          <gpxtpx:TrackPointExtension>
            <gpxtpx:hr>182</gpxtpx:hr>
          </gpxtpx:TrackPointExtension>
        </extensions>
      </trkpt>
      <trkpt lat="35.6773983561041" lon="139.7498630903484">
        <ele>12.70625235978514</ele>
        <time>2025-08-11T11:34:38.002000Z</time>
        <extensions>
          <gpxtpx:TrackPointExtension>
            <gpxtpx:hr>182</gpxtpx:hr>
          </gpxtpx:TrackPointExtension>
        </extensions>
      </trkpt>
      <trkpt lat="35.677391015492496" lon="139.74999996712052">
        <ele>11.85905590467155</ele>
        <time>2025-08-11T11:34:43.002000Z</time>
        <extensions>
          <gpxtpx:TrackPointExtension>
            <gpxtpx:hr>184</gpxtpx:hr>
          </gpxtpx:TrackPointExtension>
        </extensions>
      </trkpt>
      <trkpt lat="35.67737932849404" lon="139.75012982200863">
        <ele>12.151630656793714</ele>
        <time>2025-08-11T11:34:47.002000Z</time>
      </trkpt>
      <trkpt lat="35.677370446595454" lon="139.75026630020045">
        <ele>11.105264418758452</ele>
        <time>2025-08-11T11:34:51.002000Z</time>
        <extensions>
          <gpxtpx:TrackPointExtension>
            <gpxtpx:hr>184</gpxtpx:hr>
          </gpxtpx:TrackPointExtension>
        </extensions>
      </trkpt>
      <trkpt lat="35.677348960207475" lon="139.75037538401438">
        <ele>10.284906492568552</ele>
        <time>2025-08-11T11:34:55.002000Z</time>
      </trkpt>
      <trkpt lat="35.677344081350356" lon="139.75048581496765">
        <ele>10.588818374089897</ele>
        <time>2025-08-11T11:34:59.002000Z</time>
        <extensions>
          <gpxtpx:TrackPointExtension>
            <gpxtpx:hr>184</gpxtpx:hr>
          </gpxtpx:TrackPointExtension>
        </extensions>
      </trkpt>
      <trkpt lat="35.677333745349756" lon="139.75060495219753">
        <ele>10.410530246794224</ele>
        <time>2025-08-11T11:35:03.001000Z</time>
        <extensions>
          <gpxtpx:TrackPointExtension>
            <gpxtpx:hr>184</gpxtpx:hr>
          </gpxtpx:TrackPointExtension>
        </extensions>
      </trkpt>
      <trkpt lat="35.6773328373864" lon="139.7507339435789">
        <ele>10.419795965775847</ele>
        <time>2025-08-11T11:35:07.001000Z</time>
      </trkpt>
      <trkpt lat="35.677325145539555" lon="139.75085405306882">
        <ele>10.225877032615244</ele>
        <time>2025-08-11T11:35:11.001000Z</time>
        <extensions>
          <gpxtpx:TrackPointExtension>
            <gpxtpx:hr>184</gpxtpx:hr>
          </gpxtpx:TrackPointExtension>
        </extensions>
      </trkpt>
      <trkpt lat="35.67734599649582" lon="139.750983061547">
        <ele>11.794650150462985</ele>
        <time>2025-08-11T11:35:15.001000Z</time>
      </trkpt>
      <trkpt lat="35.6773882575098" lon="139.7510891229">
        <ele>11.27580767404288</ele>
        <time>2025-08-11T11:35:19.001000Z</time>
        <extensions>
          <gpxtpx:TrackPointExtension>
            <gpxtpx:hr>183</gpxtpx:hr>
          </gpxtpx:TrackPointExtension>
        </extensions>
      </trkpt>
      <trkpt lat="35.67739897413708" lon="139.75120094406847">
        <ele>10.958545411005616</ele>
        <time>2025-08-11T11:35:23.001000Z</time>
      </trkpt>
      <trkpt lat="35.677419787159465" lon="139.751327564796">
        <ele>10.30295279994607</ele>
        <time>2025-08-11T11:35:28.001000Z</time>
        <extensions>
          <gpxtpx:TrackPointExtension>
            <gpxtpx:hr>184</gpxtpx:hr>
          </gpxtpx:TrackPointExtension>
        </extensions>
      </trkpt>
      <trkpt lat="35.67744556408237" lon="139.7514549944471">
        <ele>10.342684982344508</ele>
        <time>2025-08-11T11:35:32.001000Z</time>
      </trkpt>
      <trkpt lat="35.67748101198787" lon="139.7515619363214">
        <ele>10.835655618458986</ele>
        <time>2025-08-11T11:35:36.001000Z</time>
        <extensions>
          <gpxtpx:TrackPointExtension>
            <gpxtpx:hr>184</gpxtpx:hr>
          </gpxtpx:TrackPointExtension>
        </extensions>
      </trkpt>
      <trkpt lat="35.67749484697361" lon="139.75167737019365">
        <ele>9.669938437640667</ele>
        <time>2025-08-11T11:35:40.001000Z</time>
        <extensions>
          <gpxtpx:TrackPointExtension>
            <gpxtpx:hr>183</gpxtpx:hr>
          </gpxtpx:TrackPointExtension>
        </extensions>
      </trkpt>
      <trkpt lat="35.677521454749254" lon="139.75179389578125">
        <ele>9.035057184286416</ele>
        <time>2025-08-11T11:35:44.001000Z</time>
      </trkpt>
      <trkpt lat="35.677564231743844" lon="139.75190249337587">
        <ele>9.108669398352504</ele>
        <time>2025-08-11T11:35:48.001000Z</time>
        <extensions>
          <gpxtpx:TrackPointExtension>
            <gpxtpx:hr>183</gpxtpx:hr>
          </gpxtpx:TrackPointExtension>
        </extensions>
      </trkpt>
      <trkpt lat="35.67759610726707" lon="139.7520221195115">
        <ele>7.366934956051409</ele>
        <time>2025-08-11T11:35:52.001000Z</time>
        <extensions>
          <gpxtpx:TrackPointExtension>
            <gpxtpx:hr>183</gpxtpx:hr>
          </gpxtpx:TrackPointExtension>
        </extensions>
      </trkpt>
      <trkpt lat="35.67761326600489" lon="139.7521597806631">
        <ele>8.692113137803972</ele>
        <time>2025-08-11T11:35:57.001000Z</time>
      </trkpt>
      <trkpt lat="35.67765094000928" lon="139.75226657896752">
        <ele>8.792279439978302</ele>
        <time>2025-08-11T11:36:01.001000Z</time>
        <extensions>
          <gpxtpx:TrackPointExtension>
            <gpxtpx:hr>184</gpxtpx:hr>
          </gpxtpx:TrackPointExtension>
        </extensions>
      </trkpt>
      <trkpt lat="35.67768041955608" lon="139.75240167299384">
        <ele>9.445704452693462</ele>
        <time>2025-08-11T11:36:06.001000Z</time>
        <extensions>
          <gpxtpx:TrackPointExtension>
            <gpxtpx:hr>184</gpxtpx:hr>
          </gpxtpx:TrackPointExtension>
        </extensions>
      </trkpt>
      <trkpt lat="35.677739646901365" lon="139.75253264857525">
        <ele>10.230757649056613</ele>
        <time>2025-08-11T11:36:11.001000Z</time>
      </trkpt>
      <trkpt lat="35.67778438833309" lon="139.752659203076">
        <ele>8.46659941598773</ele>
        <time>2025-08-11T11:36:16.001000Z</time>
        <extensions>
          <gpxtpx:TrackPointExtension>
            <gpxtpx:hr>184</gpxtpx:hr>
          </gpxtpx:TrackPointExtension>
        </extensions>
      </trkpt>
      <trkpt lat="35.677823859926896" lon="139.75275911410554">
        <ele>8.458734830841422</ele>
        <time>2025-08-11T11:36:20.002000Z</time>
      </trkpt>
      <trkpt lat="35.677852553296276" lon="139.75287769843476">
        <ele>7.203649586997926</ele>
        <time>2025-08-11T11:36:24.002000Z</time>
        <extensions>
          <gpxtpx:TrackPointExtension>
            <gpxtpx:hr>183</gpxtpx:hr>
          </gpxtpx:TrackPointExtension>
        </extensions>
      </trkpt>
      <trkpt lat="35.67787818738671" lon="139.75298605553348">
        <ele>8.062846774235368</ele>
        <time>2025-08-11T11:36:28.002000Z</time>
        <extensions>
          <gpxtpx:TrackPointExtension>
            <gpxtpx:hr>183</gpxtpx:hr>
          </gpxtpx:TrackPointExtension>
        </extensions>
      </trkpt>
      <trkpt lat="35.67789036981574" lon="139.75310993133488">
        <ele>7.595387013629079</ele>
        <time>2025-08-11T11:36:32.002000Z</time>
      </trkpt>
      <trkpt lat="35.67794857606659" lon="139.75321668035352">
        <ele>8.793211224488914</ele>
        <time>2025-08-11T11:36:36.002000Z</time>
        <extensions>
          <gpxtpx:TrackPointExtension>
            <gpxtpx:hr>183</gpxtpx:hr>
          </gpxtpx:TrackPointExtension>
        </extensions>
      </trkpt>
      <trkpt lat="35.67800046936323" lon="139.75331493767968">
        <ele>8.823409332893789</ele>
        <time>2025-08-11T11:36:40.002000Z</time>
      </trkpt>
      <trkpt lat="35.678063317637125" lon="139.7534240156878">
        <ele>8.748623530380428</ele>
        <time>2025-08-11T11:36:45.002000Z</time>
        <extensions>
          <gpxtpx:TrackPointExtension>
            <gpxtpx:hr>183</gpxtpx:hr>
          </gpxtpx:TrackPointExtension>
        </extensions>
      </trkpt>
      <trkpt lat="35.67815955619944" lon="139.75347984437232">
        <ele>7.851998028345406</ele>
        <time>2025-08-11T11:36:49.002000Z</time>
      </trkpt>
      <trkpt lat="35.678250212651136" lon="139.75354301403215">
        <ele>7.517098386771977</ele>
        <time>2025-08-11T11:36:53.002000Z</time>
        <extensions>
          <gpxtpx:TrackPointExtension>
            <gpxtpx:hr>184</gpxtpx:hr>
          </gpxtpx:TrackPointExtension>
        </extensions>
      </trkpt>
      <trkpt lat="35.67835172528488" lon="139.75358327425346">
        <ele>7.712965028360486</ele>
        <time>2025-08-11T11:36:58.002000Z</time>
        <extensions>
          <gpxtpx:TrackPointExtension>
            <gpxtpx:hr>183</gpxtpx:hr>
          </gpxtpx:TrackPointExtension>
        </extensions>
      </trkpt>
      <trkpt lat="35.678435639589125" lon="139.75363137927442">
        <ele>7.36341989506036</ele>
        <time>2025-08-11T11:37:03.002000Z</time>
        <extensions>
          <gpxtpx:TrackPointExtension>
            <gpxtpx:hr>183</gpxtpx:hr>
          </gpxtpx:TrackPointExtension>
        </extensions>
      </trkpt>
      <trkpt lat="35.67850735557243" lon="139.75372106323647">
        <ele>8.433647314086556</ele>
        <time>2025-08-11T11:37:07.001000Z</time>
        <extensions>
          <gpxtpx:TrackPointExtension>
            <gpxtpx:hr>183</gpxtpx:hr>
          </gpxtpx:TrackPointExtension>
        </extensions>
      </trkpt>
      <trkpt lat="35.67851638463782" lon="139.75384202402705">
        <ele>8.376656683161855</ele>
        <time>2025-08-11T11:37:11.001000Z</time>
      </trkpt>
      <trkpt lat="35.67850839152042" lon="139.75397534134456">
        <ele>7.851790139451623</ele>
        <time>2025-08-11T11:37:16.001000Z</time>
        <extensions>
          <gpxtpx:TrackPointExtension>
            <gpxtpx:hr>183</gpxtpx:hr>
          </gpxtpx:TrackPointExtension>
        </extensions>
      </trkpt>
      <trkpt lat="35.67843781490987" lon="139.75406950276388">
        <ele>7.10433679446578</ele>
        <time>2025-08-11T11:37:21.001000Z</time>
      </trkpt>
      <trkpt lat="35.678389018331714" lon="139.75418765189013">
        <ele>6.441801938228309</ele>
        <time>2025-08-11T11:37:25.001000Z</time>
        <extensions>
          <gpxtpx:TrackPointExtension>
            <gpxtpx:hr>183</gpxtpx:hr>
          </gpxtpx:TrackPointExtension>
        </extensions>
      </trkpt>
      <trkpt lat="35.678339288027615" lon="139.75429312575935">
        <ele>5.315913066267967</ele>
        <time>2025-08-11T11:37:29.001000Z</time>
        <extensions>
          <gpxtpx:TrackPointExtension>
            <gpxtpx:hr>184</gpxtpx:hr>
          </gpxtpx:TrackPointExtension>
        </extensions>
      </trkpt>
      <trkpt lat="35.67831098807336" lon="139.75442057389944">
        <ele>5.924230211414397</ele>
        <time>2025-08-11T11:37:33.001000Z</time>
      </trkpt>
      <trkpt lat="35.67826081336253" lon="139.75451885496716">
        <ele>5.5571999521926045</ele>
        <time>2025-08-11T11:37:37.001000Z</time>
        <extensions>
          <gpxtpx:TrackPointExtension>
            <gpxtpx:hr>184</gpxtpx:hr>
          </gpxtpx:TrackPointExtension>
        </extensions>
      </trkpt>
      <trkpt lat="35.67821101342931" lon="139.75464702943978">
        <ele>6.100506476126611</ele>
        <time>2025-08-11T11:37:42.001000Z</time>
        <extensions>
          <gpxtpx:TrackPointExtension>
            <gpxtpx:hr>183</gpxtpx:hr>
          </gpxtpx:TrackPointExtension>
        </extensions>
      </trkpt>
      <trkpt lat="35.67818066630508" lon="139.75477648545458">
        <ele>6.2881817650049925</ele>
        <time>2025-08-11T11:37:47.001000Z</time>
      </trkpt>
      <trkpt lat="35.67693111449881" lon="139.75592809160815">
        <ele>6.296247825957835</ele>
        <time>2025-08-11T11:47:19.001000Z</time>
        <extensions>
          <gpxtpx:TrackPointExtension>
            <gpxtpx:hr>145</gpxtpx:hr>
          </gpxtpx:TrackPointExtension>
        </extensions>
      </trkpt>
      <trkpt lat="35.676873564774255" lon="139.75604180047736">
        <ele>6.232861738651991</ele>
        <time>2025-08-11T11:47:23.001000Z</time>
      </trkpt>
      <trkpt lat="35.676821515014915" lon="139.7561333152704">
        <ele>5.505474789068103</ele>
        <time>2025-08-11T11:47:27.001000Z</time>
        <extensions>
          <gpxtpx:TrackPointExtension>
            <gpxtpx:hr>146</gpxtpx:hr>
          </gpxtpx:TrackPointExtension>
        </extensions>
      </trkpt>
      <trkpt lat="35.6767506770435" lon="139.75621159766976">
        <ele>5.379522541537881</ele>
        <time>2025-08-11T11:47:31.001000Z</time>
      </trkpt>
      <trkpt lat="35.67667076161286" lon="139.75630585859534">
        <ele>5.589317467994988</ele>
        <time>2025-08-11T11:47:35.999000Z</time>
        <extensions>
          <gpxtpx:TrackPointExtension>
            <gpxtpx:hr>151</gpxtpx:hr>
          </gpxtpx:TrackPointExtension>
        </extensions>
      </trkpt>
      <trkpt lat="35.67662733722658" lon="139.7564333475314">
        <ele>4.462555958889425</ele>
        <time>2025-08-11T11:47:39.999000Z</time>
      </trkpt>
      <trkpt lat="35.67658367997165" lon="139.7565485898269">
        <ele>4.874924827367067</ele>
        <time>2025-08-11T11:47:44.999000Z</time>
        <extensions>
          <gpxtpx:TrackPointExtension>
            <gpxtpx:hr>153</gpxtpx:hr>
          </gpxtpx:TrackPointExtension>
        </extensions>
      </trkpt>
      <trkpt lat="35.67653243783499" lon="139.75664885739107">
        <ele>5.161505155265331</ele>
        <time>2025-08-11T11:47:48.999000Z</time>
        <extensions>
          <gpxtpx:TrackPointExtension>
            <gpxtpx:hr>156</gpxtpx:hr>
          </gpxtpx:TrackPointExtension>
        </extensions>
      </trkpt>
      <trkpt lat="35.67648661115951" lon="139.75677464791656">
        <ele>4.629030719399452</ele>
        <time>2025-08-11T11:47:54.999000Z</time>
        <extensions>
          <gpxtpx:TrackPointExtension>
            <gpxtpx:hr>159</gpxtpx:hr>
          </gpxtpx:TrackPointExtension>
        </extensions>
      </trkpt>
      <trkpt lat="35.676449658655855" lon="139.75689560020362">
        <ele>3.8234907388687134</ele>
        <time>2025-08-11T11:48:00Z</time>
      </trkpt>
      <trkpt lat="35.67639758427475" lon="139.75701082721358">
        <ele>3.892058908008039</ele>
        <time>2025-08-11T11:48:04Z</time>
        <extensions>
          <gpxtpx:TrackPointExtension>
            <gpxtpx:hr>158</gpxtpx:hr>
          </gpxtpx:TrackPointExtension>
        </extensions>
      </trkpt>
      <trkpt lat="35.67634399915232" lon="139.75710817836315">
        <ele>3.8200336191803217</ele>
        <time>2025-08-11T11:48:07Z</time>
      </trkpt>
      <trkpt lat="35.67629339238726" lon="139.75722766040218">
        <ele>3.386963738128543</ele>
        <time>2025-08-11T11:48:11Z</time>
        <extensions>
          <gpxtpx:TrackPointExtension>
            <gpxtpx:hr>162</gpxtpx:hr>
          </gpxtpx:TrackPointExtension>
        </extensions>
      </trkpt>
      <trkpt lat="35.67624384104436" lon="139.75732749281704">
        <ele>4.177266774699092</ele>
        <time>2025-08-11T11:48:14Z</time>
        <extensions>
          <gpxtpx:TrackPointExtension>
            <gpxtpx:hr>164</gpxtpx:hr>
          </gpxtpx:TrackPointExtension>
        </extensions>
      </trkpt>
      <trkpt lat="35.67620211919074" lon="139.75744691326878">
        <ele>3.5625640703365207</ele>
        <time>2025-08-11T11:48:18Z</time>
        <extensions>
          <gpxtpx:TrackPointExtension>
            <gpxtpx:hr>167</gpxtpx:hr>
          </gpxtpx:TrackPointExtension>
        </extensions>
      </trkpt>
      <trkpt lat="35.67615491243992" lon="139.75755694781827">
        <ele>4.079662596806884</ele>
        <time>2025-08-11T11:48:22Z</time>
        <extensions>
          <gpxtpx:TrackPointExtension>
            <gpxtpx:hr>170</gpxtpx:hr>
          </gpxtpx:TrackPointExtension>
        </extensions>
      </trkpt>
      <trkpt lat="35.67611030447476" lon="139.75766189010773">
        <ele>3.319108197465539</ele>
        <time>2025-08-11T11:48:26Z</time>
      </trkpt>
      <trkpt lat="35.67606913433738" lon="139.75777688285626">
        <ele>3.651206571608782</ele>
        <time>2025-08-11T11:48:30.001000Z</time>
        <extensions>
          <gpxtpx:TrackPointExtension>
            <gpxtpx:hr>171</gpxtpx:hr>
          </gpxtpx:TrackPointExtension>
        </extensions>
      </trkpt>
      <trkpt lat="35.67602780957699" lon="139.75788972671305">
        <ele>3.206262866035104</ele>
        <time>2025-08-11T11:48:34.001000Z</time>
        <extensions>
          <gpxtpx:TrackPointExtension>
            <gpxtpx:hr>171</gpxtpx:hr>
          </gpxtpx:TrackPointExtension>
        </extensions>
      </trkpt>
      <trkpt lat="35.67599076249074" lon="139.75799268014055">
        <ele>2.9180313143879175</ele>
        <time>2025-08-11T11:48:39.001000Z</time>
        <extensions>
          <gpxtpx:TrackPointExtension>
            <gpxtpx:hr>171</gpxtpx:hr>
          </gpxtpx:TrackPointExtension>
        </extensions>
      </trkpt>
      <trkpt lat="35.67592694182429" lon="139.75810812909333">
        <ele>3.585573091171682</ele>
        <time>2025-08-11T11:48:43.001000Z</time>
        <extensions>
          <gpxtpx:TrackPointExtension>
            <gpxtpx:hr>170</gpxtpx:hr>
          </gpxtpx:TrackPointExtension>
        </extensions>
      </trkpt>
      <trkpt lat="35.675875632192806" lon="139.75822380773195">
        <ele>3.2141754683107138</ele>
        <time>2025-08-11T11:48:47.001000Z</time>
        <extensions>
          <gpxtpx:TrackPointExtension>
            <gpxtpx:hr>170</gpxtpx:hr>
          </gpxtpx:TrackPointExtension>
        </extensions>
      </trkpt>
      <trkpt lat="35.67584130764416" lon="139.75834102724107">
        <ele>4.198048059828579</ele>
        <time>2025-08-11T11:48:51.001000Z</time>
      </trkpt>
      <trkpt lat="35.67578890471415" lon="139.75845036212843">
        <ele>3.6008253963664174</ele>
        <time>2025-08-11T11:48:55.001000Z</time>
        <extensions>
          <gpxtpx:TrackPointExtension>
            <gpxtpx:hr>171</gpxtpx:hr>
          </gpxtpx:TrackPointExtension>
        </extensions>
      </trkpt>
      <trkpt lat="35.67574224200844" lon="139.75856405643486">
        <ele>3.9733644891530275</ele>
        <time>2025-08-11T11:48:59.001000Z</time>
        <extensions>
          <gpxtpx:TrackPointExtension>
            <gpxtpx:hr>174</gpxtpx:hr>
          </gpxtpx:TrackPointExtension>
        </extensions>
      </trkpt>
      <trkpt lat="35.675698325828655" lon="139.7586889957186">
        <ele>4.326094298623502</ele>
        <time>2025-08-11T11:49:04.001000Z</time>
        <extensions>
          <gpxtpx:TrackPointExtension>
            <gpxtpx:hr>174</gpxtpx:hr>
          </gpxtpx:TrackPointExtension>
        </extensions>
      </trkpt>
      <trkpt lat="35.67564659355907" lon="139.75878069648422">
        <ele>2.8190333880484104</ele>
        <time>2025-08-11T11:49:07.001000Z</time>
      </trkpt>
      <trkpt lat="35.67561335809277" lon="139.75889130374347">
        <ele>3.106634046882391</ele>
        <time>2025-08-11T11:49:11.002000Z</time>
        <extensions>
          <gpxtpx:TrackPointExtension>
            <gpxtpx:hr>175</gpxtpx:hr>
          </gpxtpx:TrackPointExtension>
        </extensions>
      </trkpt>
      <trkpt lat="35.675572619517794" lon="139.7590018250422">
        <ele>3.813068059273064</ele>
        <time>2025-08-11T11:49:15.002000Z</time>
        <extensions>
          <gpxtpx:TrackPointExtension>
            <gpxtpx:hr>175</gpxtpx:hr>
          </gpxtpx:TrackPointExtension>
        </extensions>
      </trkpt>
      <trkpt lat="35.675537810369015" lon="139.7591163903162">
        <ele>3.6469481214880943</ele>
        <time>2025-08-11T11:49:19.002000Z</time>
        <extensions>
          <gpxtpx:TrackPointExtension>
            <gpxtpx:hr>175</gpxtpx:hr>
          </gpxtpx:TrackPointExtension>
        </extensions>
      </trkpt>
      <trkpt lat="35.675490735085624" lon="139.75922843310465">
        <ele>1.9484033705666661</ele>
        <time>2025-08-11T11:49:23.002000Z</time>
        <extensions>
          <gpxtpx:TrackPointExtension>
            <gpxtpx:hr>176</gpxtpx:hr>
          </gpxtpx:TrackPointExtension>
        </extensions>
      </trkpt>
      <trkpt lat="35.67546854397999" lon="139.75936456875823">
        <ele>1.988648310303688</ele>
        <time>2025-08-11T11:49:28.002000Z</time>
      </trkpt>
      <trkpt lat="35.675442194082834" lon="139.75948449916316">
        <ele>4.020442155189812</ele>
        <time>2025-08-11T11:49:34.002000Z</time>
        <extensions>
          <gpxtpx:TrackPointExtension>
            <gpxtpx:hr>176</gpxtpx:hr>
          </gpxtpx:TrackPointExtension>
        </extensions>
      </trkpt>
      <trkpt lat="35.675342585145565" lon="139.75949323058956">
        <ele>4.696732656098902</ele>
        <time>2025-08-11T11:49:37.002000Z</time>
        <extensions>
          <gpxtpx:TrackPointExtension>
            <gpxtpx:hr>176</gpxtpx:hr>
          </gpxtpx:TrackPointExtension>
        </extensions>
      </trkpt>
      <trkpt lat="35.675227080533475" lon="139.75962509315298">
        <ele>3.301726774312556</ele>
        <time>2025-08-11T11:49:55Z</time>
        <extensions>
          <gpxtpx:TrackPointExtension>
            <gpxtpx:hr>178</gpxtpx:hr>
          </gpxtpx:TrackPointExtension>
        </extensions>
      </trkpt>
      <trkpt lat="35.67515812413438" lon="139.75972576470525">
        <ele>2.2963225319981575</ele>
        <time>2025-08-11T11:50:00Z</time>
        <extensions>
          <gpxtpx:TrackPointExtension>
            <gpxtpx:hr>175</gpxtpx:hr>
          </gpxtpx:TrackPointExtension>
        </extensions>
      </trkpt>
      <trkpt lat="35.67507279720321" lon="139.75977760184614">
        <ele>2.9122435860335827</ele>
        <time>2025-08-11T11:50:04Z</time>
        <extensions>
          <gpxtpx:TrackPointExtension>
            <gpxtpx:hr>176</gpxtpx:hr>
          </gpxtpx:TrackPointExtension>
        </extensions>
      </trkpt>
      <trkpt lat="35.67497895905999" lon="139.75981410930055">
        <ele>4.533944102935493</ele>
        <time>2025-08-11T11:50:08.001000Z</time>
        <extensions>
          <gpxtpx:TrackPointExtension>
            <gpxtpx:hr>176</gpxtpx:hr>
          </gpxtpx:TrackPointExtension>
        </extensions>
      </trkpt>
      <trkpt lat="35.67491363376706" lon="139.75989463274547">
        <ele>5.577704795636237</ele>
        <time>2025-08-11T11:50:12.001000Z</time>
        <extensions>
          <gpxtpx:TrackPointExtension>
            <gpxtpx:hr>176</gpxtpx:hr>
          </gpxtpx:TrackPointExtension>
        </extensions>
      </trkpt>
      <trkpt lat="35.6748584358904" lon="139.76000198703716">
        <ele>2.6487687695771456</ele>
        <time>2025-08-11T11:50:16.001000Z</time>
        <extensions>
          <gpxtpx:TrackPointExtension>
            <gpxtpx:hr>175</gpxtpx:hr>
          </gpxtpx:TrackPointExtension>
        </extensions>
      </trkpt>
      <trkpt lat="35.67460435945822" lon="139.76033640950106">
        <ele>5.701217330060899</ele>
        <time>2025-08-11T11:50:51.001000Z</time>
        <extensions>
          <gpxtpx:TrackPointExtension>
            <gpxtpx:hr>174</gpxtpx:hr>
          </gpxtpx:TrackPointExtension>
        </extensions>
      </trkpt>
      <trkpt lat="35.674567844398844" lon="139.7604689197954">
        <ele>5.522027346305549</ele>
        <time>2025-08-11T11:50:56.002000Z</time>
        <extensions>
          <gpxtpx:TrackPointExtension>
            <gpxtpx:hr>172</gpxtpx:hr>
          </gpxtpx:TrackPointExtension>
        </extensions>
      </trkpt>
      <trkpt lat="35.67451468515947" lon="139.76058925235222">
        <ele>5.814562810584903</ele>
        <time>2025-08-11T11:51:02.002000Z</time>
        <extensions>
          <gpxtpx:TrackPointExtension>
            <gpxtpx:hr>171</gpxtpx:hr>
          </gpxtpx:TrackPointExtension>
        </extensions>
      </trkpt>
      <trkpt lat="35.67450025291373" lon="139.76072978195745">
        <ele>5.212637883611023</ele>
        <time>2025-08-11T11:51:05.002000Z</time>
        <extensions>
          <gpxtpx:TrackPointExtension>
            <gpxtpx:hr>171</gpxtpx:hr>
          </gpxtpx:TrackPointExtension>
        </extensions>
      </trkpt>
      <trkpt lat="35.67439522194864" lon="139.76082972717742">
        <ele>5.001991072669625</ele>
        <time>2025-08-11T11:51:09.002000Z</time>
      </trkpt>
      <trkpt lat="35.67431117307812" lon="139.76089780364305">
        <ele>5.1492656245827675</ele>
        <time>2025-08-11T11:51:13.002000Z</time>
      </trkpt>
      <trkpt lat="35.67420668971824" lon="139.7609415536461">
        <ele>5.232525493949652</ele>
        <time>2025-08-11T11:51:17.002000Z</time>
        <extensions>
          <gpxtpx:TrackPointExtension>
            <gpxtpx:hr>173</gpxtpx:hr>
          </gpxtpx:TrackPointExtension>
        </extensions>
      </trkpt>
      <trkpt lat="35.674126028964885" lon="139.76101953950615">
        <ele>5.495538659393787</ele>
        <time>2025-08-11T11:51:22.002000Z</time>
        <extensions>
          <gpxtpx:TrackPointExtension>
            <gpxtpx:hr>175</gpxtpx:hr>
          </gpxtpx:TrackPointExtension>
        </extensions>
      </trkpt>
      <trkpt lat="35.674046607102916" lon="139.76110487779553">
        <ele>5.482069191522896</ele>
        <time>2025-08-11T11:51:28.002000Z</time>
        <extensions>
          <gpxtpx:TrackPointExtension>
            <gpxtpx:hr>175</gpxtpx:hr>
          </gpxtpx:TrackPointExtension>
        </extensions>
      </trkpt>
      <trkpt lat="35.67398399810082" lon="139.76122066190408">
        <ele>5.363237319514155</ele>
        <time>2025-08-11T11:51:32.002000Z</time>
      </trkpt>
      <trkpt lat="35.673922776475514" lon="139.7613207269529">
        <ele>5.069647641852498</ele>
        <time>2025-08-11T11:51:36.002000Z</time>
        <extensions>
          <gpxtpx:TrackPointExtension>
            <gpxtpx:hr>175</gpxtpx:hr>
          </gpxtpx:TrackPointExtension>
        </extensions>
      </trkpt>
      <trkpt lat="35.67387925464801" lon="139.76143441704846">
        <ele>4.782577812671661</ele>
        <time>2025-08-11T11:51:40.003000Z</time>
        <extensions>
          <gpxtpx:TrackPointExtension>
            <gpxtpx:hr>176</gpxtpx:hr>
          </gpxtpx:TrackPointExtension>
        </extensions>
      </trkpt>
      <trkpt lat="35.67384082038941" lon="139.76153690283164">
        <ele>6.840493006631732</ele>
        <time>2025-08-11T11:51:44.003000Z</time>
        <extensions>
          <gpxtpx:TrackPointExtension>
            <gpxtpx:hr>177</gpxtpx:hr>
          </gpxtpx:TrackPointExtension>
        </extensions>
      </trkpt>
      <trkpt lat="35.6737939289628" lon="139.76165457014497">
        <ele>13.222289135679603</ele>
        <time>2025-08-11T11:51:49Z</time>
        <extensions>
          <gpxtpx:TrackPointExtension>
            <gpxtpx:hr>178</gpxtpx:hr>
          </gpxtpx:TrackPointExtension>
        </extensions>
      </trkpt>
      <trkpt lat="35.67366333513996" lon="139.76166790759493">
        <ele>7.736251569353044</ele>
        <time>2025-08-11T11:51:55Z</time>
        <extensions>
          <gpxtpx:TrackPointExtension>
            <gpxtpx:hr>179</gpxtpx:hr>
          </gpxtpx:TrackPointExtension>
        </extensions>
      </trkpt>
      <trkpt lat="35.67361956215956" lon="139.76178293302053">
        <ele>5.461645260453224</ele>
        <time>2025-08-11T11:52:04Z</time>
        <extensions>
          <gpxtpx:TrackPointExtension>
            <gpxtpx:hr>179</gpxtpx:hr>
          </gpxtpx:TrackPointExtension>
        </extensions>
      </trkpt>
      <trkpt lat="35.67355409507912" lon="139.76187945136593">
        <ele>5.579704629257321</ele>
        <time>2025-08-11T11:52:09Z</time>
        <extensions>
          <gpxtpx:TrackPointExtension>
            <gpxtpx:hr>179</gpxtpx:hr>
          </gpxtpx:TrackPointExtension>
        </extensions>
      </trkpt>
      <trkpt lat="35.67345413190792" lon="139.76192939036594">
        <ele>7.438226151280105</ele>
        <time>2025-08-11T11:52:14Z</time>
        <extensions>
          <gpxtpx:TrackPointExtension>
            <gpxtpx:hr>180</gpxtpx:hr>
          </gpxtpx:TrackPointExtension>
        </extensions>
      </trkpt>
      <trkpt lat="35.6733812514442" lon="139.762019756709">
        <ele>3.646722107194364</ele>
        <time>2025-08-11T11:52:18Z</time>
        <extensions>
          <gpxtpx:TrackPointExtension>
            <gpxtpx:hr>180</gpxtpx:hr>
          </gpxtpx:TrackPointExtension>
        </extensions>
      </trkpt>
      <trkpt lat="35.673344849880685" lon="139.76217904004733">
        <ele>1.5703365532681346</ele>
        <time>2025-08-11T11:52:23Z</time>
      </trkpt>
      <trkpt lat="35.67330723245192" lon="139.76230076455553">
        <ele>5.013445326127112</ele>
        <time>2025-08-11T11:52:26Z</time>
        <extensions>
          <gpxtpx:TrackPointExtension>
            <gpxtpx:hr>181</gpxtpx:hr>
          </gpxtpx:TrackPointExtension>
        </extensions>
      </trkpt>
      <trkpt lat="35.67327784486906" lon="139.76243139994392">
        <ele>4.2121783047914505</ele>
        <time>2025-08-11T11:52:29Z</time>
        <extensions>
          <gpxtpx:TrackPointExtension>
            <gpxtpx:hr>181</gpxtpx:hr>
          </gpxtpx:TrackPointExtension>
        </extensions>
      </trkpt>
      <trkpt lat="35.673243513970874" lon="139.7625451989926">
        <ele>5.914689036086202</ele>
        <time>2025-08-11T11:52:33.001000Z</time>
        <extensions>
          <gpxtpx:TrackPointExtension>
            <gpxtpx:hr>181</gpxtpx:hr>
          </gpxtpx:TrackPointExtension>
        </extensions>
      </trkpt>
      <trkpt lat="35.67318846571882" lon="139.76264421108635">
        <ele>5.404421365819871</ele>
        <time>2025-08-11T11:52:38.001000Z</time>
        <extensions>
          <gpxtpx:TrackPointExtension>
            <gpxtpx:hr>182</gpxtpx:hr>
          </gpxtpx:TrackPointExtension>
        </extensions>
      </trkpt>
      <trkpt lat="35.67310961638168" lon="139.76271122435998">
        <ele>8.982830027118325</ele>
        <time>2025-08-11T11:52:43.001000Z</time>
        <extensions>
          <gpxtpx:TrackPointExtension>
            <gpxtpx:hr>183</gpxtpx:hr>
          </gpxtpx:TrackPointExtension>
        </extensions>
      </trkpt>
      <trkpt lat="35.67303639963088" lon="139.76278638217883">
        <ele>8.065812003798783</ele>
        <time>2025-08-11T11:52:49.001000Z</time>
        <extensions>
          <gpxtpx:TrackPointExtension>
            <gpxtpx:hr>183</gpxtpx:hr>
          </gpxtpx:TrackPointExtension>
        </extensions>
      </trkpt>
      <trkpt lat="35.67296609880645" lon="139.76286514241917">
        <ele>7.356155402958393</ele>
        <time>2025-08-11T11:52:52.001000Z</time>
        <extensions>
          <gpxtpx:TrackPointExtension>
            <gpxtpx:hr>182</gpxtpx:hr>
          </gpxtpx:TrackPointExtension>
        </extensions>
      </trkpt>
      <trkpt lat="35.672860613631926" lon="139.76296311501034">
        <ele>7.310746978037059</ele>
        <time>2025-08-11T11:52:55.001000Z</time>
      </trkpt>
      <trkpt lat="35.672810817347575" lon="139.7630557364226">
        <ele>6.329085894860327</ele>
        <time>2025-08-11T11:52:58.001000Z</time>
      </trkpt>
      <trkpt lat="35.672770343501874" lon="139.763157912341">
        <ele>6.34743813239038</ele>
        <time>2025-08-11T11:53:01.001000Z</time>
        <extensions>
          <gpxtpx:TrackPointExtension>
            <gpxtpx:hr>183</gpxtpx:hr>
          </gpxtpx:TrackPointExtension>
        </extensions>
      </trkpt>
      <trkpt lat="35.67274717439691" lon="139.76326943585056">
        <ele>5.55616829264909</ele>
        <time>2025-08-11T11:53:07.001000Z</time>
      </trkpt>
      <trkpt lat="35.6726670371678" lon="139.76337662656468">
        <ele>5.958584898151457</ele>
        <time>2025-08-11T11:53:10.001000Z</time>
        <extensions>
          <gpxtpx:TrackPointExtension>
            <gpxtpx:hr>183</gpxtpx:hr>
          </gpxtpx:TrackPointExtension>
        </extensions>
      </trkpt>
      <trkpt lat="35.672601569460696" lon="139.76346071754196">
        <ele>6.24025521799922</ele>
        <time>2025-08-11T11:53:14.002000Z</time>
      </trkpt>
      <trkpt lat="35.67250945122638" lon="139.76355329466216">
        <ele>6.769934787414968</ele>
        <time>2025-08-11T11:53:19.002000Z</time>
        <extensions>
          <gpxtpx:TrackPointExtension>
            <gpxtpx:hr>183</gpxtpx:hr>
          </gpxtpx:TrackPointExtension>
        </extensions>
      </trkpt>
      <trkpt lat="35.67241123747444" lon="139.76361790149522">
        <ele>5.762881330214441</ele>
        <time>2025-08-11T11:53:24.002000Z</time>
        <extensions>
          <gpxtpx:TrackPointExtension>
            <gpxtpx:hr>183</gpxtpx:hr>
          </gpxtpx:TrackPointExtension>
        </extensions>
      </trkpt>
      <trkpt lat="35.672335827156125" lon="139.7636989427739">
        <ele>4.635909283533692</ele>
        <time>2025-08-11T11:53:28.002000Z</time>
        <extensions>
          <gpxtpx:TrackPointExtension>
            <gpxtpx:hr>183</gpxtpx:hr>
          </gpxtpx:TrackPointExtension>
        </extensions>
      </trkpt>
      <trkpt lat="35.67229536264602" lon="139.76380490208481">
        <ele>5.205952833406627</ele>
        <time>2025-08-11T11:53:31.002000Z</time>
      </trkpt>
      <trkpt lat="35.67225391469222" lon="139.763918494146">
        <ele>4.847494496032596</ele>
        <time>2025-08-11T11:53:36.002000Z</time>
        <extensions>
          <gpxtpx:TrackPointExtension>
            <gpxtpx:hr>184</gpxtpx:hr>
          </gpxtpx:TrackPointExtension>
        </extensions>
      </trkpt>
      <trkpt lat="35.67225691336032" lon="139.76405372654636">
        <ele>5.314246132038534</ele>
        <time>2025-08-11T11:53:39.002000Z</time>
        <extensions>
          <gpxtpx:TrackPointExtension>
            <gpxtpx:hr>184</gpxtpx:hr>
          </gpxtpx:TrackPointExtension>
        </extensions>
      </trkpt>
      <trkpt lat="35.67215832834204" lon="139.7641037054458">
        <ele>5.980601212009788</ele>
        <time>2025-08-11T11:53:42.002000Z</time>
      </trkpt>
      <trkpt lat="35.672054487756846" lon="139.76414052194764">
        <ele>5.5866135293617845</ele>
        <time>2025-08-11T11:53:46.002000Z</time>
        <extensions>
          <gpxtpx:TrackPointExtension>
            <gpxtpx:hr>185</gpxtpx:hr>
          </gpxtpx:TrackPointExtension>
        </extensions>
      </trkpt>
      <trkpt lat="35.671998534894456" lon="139.76426508859262">
        <ele>6.388508570380509</ele>
        <time>2025-08-11T11:53:50.002000Z</time>
      </trkpt>
      <trkpt lat="35.67193539698114" lon="139.76435442967826">
        <ele>5.857010434381664</ele>
        <time>2025-08-11T11:53:54Z</time>
        <extensions>
          <gpxtpx:TrackPointExtension>
            <gpxtpx:hr>186</gpxtpx:hr>
          </gpxtpx:TrackPointExtension>
        </extensions>
      </trkpt>
      <trkpt lat="35.67185670688972" lon="139.76444480498256">
        <ele>5.134110919199884</ele>
        <time>2025-08-11T11:53:58Z</time>
      </trkpt>
      <trkpt lat="35.67176830894869" lon="139.76447922597555">
        <ele>5.609987790696323</ele>
        <time>2025-08-11T11:54:01Z</time>
        <extensions>
          <gpxtpx:TrackPointExtension>
            <gpxtpx:hr>185</gpxtpx:hr>
          </gpxtpx:TrackPointExtension>
        </extensions>
      </trkpt>
      <trkpt lat="35.671752824791156" lon="139.76459648997124">
        <ele>5.496264365501702</ele>
        <time>2025-08-11T11:54:04Z</time>
        <extensions>
          <gpxtpx:TrackPointExtension>
            <gpxtpx:hr>186</gpxtpx:hr>
          </gpxtpx:TrackPointExtension>
        </extensions>
      </trkpt>
      <trkpt lat="35.671680025748955" lon="139.76466469247373">
        <ele>5.76061344332993</ele>
        <time>2025-08-11T11:54:09Z</time>
        <extensions>
          <gpxtpx:TrackPointExtension>
            <gpxtpx:hr>186</gpxtpx:hr>
          </gpxtpx:TrackPointExtension>
        </extensions>
      </trkpt>
      <trkpt lat="35.67159922280937" lon="139.76475497486626">
        <ele>4.7151465229690075</ele>
        <time>2025-08-11T11:54:13Z</time>
        <extensions>
          <gpxtpx:TrackPointExtension>
            <gpxtpx:hr>187</gpxtpx:hr>
          </gpxtpx:TrackPointExtension>
        </extensions>
      </trkpt>
      <trkpt lat="35.671522077226896" lon="139.7648482606329">
        <ele>4.74973451346159</ele>
        <time>2025-08-11T11:54:17Z</time>
        <extensions>
          <gpxtpx:TrackPointExtension>
            <gpxtpx:hr>187</gpxtpx:hr>
          </gpxtpx:TrackPointExtension>
        </extensions>
      </trkpt>
      <trkpt lat="35.6714577952951" lon="139.76495344566584">
        <ele>5.01967048458755</ele>
        <time>2025-08-11T11:54:21Z</time>
      </trkpt>
      <trkpt lat="35.67124242247333" lon="139.76534142013537">
        <ele>5.435529903508723</ele>
        <time>2025-08-11T11:54:51.001000Z</time>
        <extensions>
          <gpxtpx:TrackPointExtension>
            <gpxtpx:hr>184</gpxtpx:hr>
          </gpxtpx:TrackPointExtension>
        </extensions>
      </trkpt>
      <trkpt lat="35.67119640151291" lon="139.7654447260921">
        <ele>5.875175088644028</ele>
        <time>2025-08-11T11:54:54.001000Z</time>
        <extensions>
          <gpxtpx:TrackPointExtension>
            <gpxtpx:hr>184</gpxtpx:hr>
          </gpxtpx:TrackPointExtension>
        </extensions>
      </trkpt>
      <trkpt lat="35.671168648219165" lon="139.76555197510046">
        <ele>4.245361130684614</ele>
        <time>2025-08-11T11:54:59.001000Z</time>
        <extensions>
          <gpxtpx:TrackPointExtension>
            <gpxtpx:hr>184</gpxtpx:hr>
          </gpxtpx:TrackPointExtension>
        </extensions>
      </trkpt>
      <trkpt lat="35.6710752529987" lon="139.76560900469187">
        <ele>4.327806607820094</ele>
        <time>2025-08-11T11:55:04.001000Z</time>
        <extensions>
          <gpxtpx:TrackPointExtension>
            <gpxtpx:hr>184</gpxtpx:hr>
          </gpxtpx:TrackPointExtension>
        </extensions>
      </trkpt>
      <trkpt lat="35.67095362774622" lon="139.7656463955969">
        <ele>4.878753167577088</ele>
        <time>2025-08-11T11:55:07.001000Z</time>
      </trkpt>
      <trkpt lat="35.67087372324172" lon="139.7657177994833">
        <ele>4.667489843443036</ele>
        <time>2025-08-11T11:55:10.002000Z</time>
        <extensions>
          <gpxtpx:TrackPointExtension>
            <gpxtpx:hr>184</gpxtpx:hr>
          </gpxtpx:TrackPointExtension>
        </extensions>
      </trkpt>
      <trkpt lat="35.67084365535246" lon="139.76585991708234">
        <ele>4.844817092642188</ele>
        <time>2025-08-11T11:55:13.002000Z</time>
      </trkpt>
      <trkpt lat="35.67077695853878" lon="139.76597405472586">
        <ele>4.598591215908527</ele>
        <time>2025-08-11T11:55:17.002000Z</time>
        <extensions>
          <gpxtpx:TrackPointExtension>
            <gpxtpx:hr>184</gpxtpx:hr>
          </gpxtpx:TrackPointExtension>
        </extensions>
      </trkpt>
      <trkpt lat="35.67071010045795" lon="139.76607261038413">
        <ele>5.0442077266052365</ele>
        <time>2025-08-11T11:55:21.002000Z</time>
        <extensions>
          <gpxtpx:TrackPointExtension>
            <gpxtpx:hr>184</gpxtpx:hr>
          </gpxtpx:TrackPointExtension>
        </extensions>
      </trkpt>
      <trkpt lat="35.670628579169374" lon="139.76612761728066">
        <ele>5.254786099307239</ele>
        <time>2025-08-11T11:55:24.002000Z</time>
        <extensions>
          <gpxtpx:TrackPointExtension>
            <gpxtpx:hr>185</gpxtpx:hr>
          </gpxtpx:TrackPointExtension>
        </extensions>
      </trkpt>
      <trkpt lat="35.67052849185627" lon="139.7661344819592">
        <ele>5.4599205898121</ele>
        <time>2025-08-11T11:55:27.002000Z</time>
      </trkpt>
      <trkpt lat="35.670441824936155" lon="139.76621065261332">
        <ele>5.307012861594558</ele>
        <time>2025-08-11T11:55:30.002000Z</time>
        <extensions>
          <gpxtpx:TrackPointExtension>
            <gpxtpx:hr>185</gpxtpx:hr>
          </gpxtpx:TrackPointExtension>
        </extensions>
      </trkpt>
      <trkpt lat="35.67037348277015" lon="139.76631796358626">
        <ele>5.536254750564694</ele>
        <time>2025-08-11T11:55:34.002000Z</time>
        <extensions>
          <gpxtpx:TrackPointExtension>
            <gpxtpx:hr>185</gpxtpx:hr>
          </gpxtpx:TrackPointExtension>
        </extensions>
      </trkpt>
      <trkpt lat="35.67028700859097" lon="139.7663631067586">
        <ele>5.42008450627327</ele>
        <time>2025-08-11T11:55:37.002000Z</time>
      </trkpt>
      <trkpt lat="35.67023361273444" lon="139.76645595655276">
        <ele>5.937974974513054</ele>
        <time>2025-08-11T11:55:40.002000Z</time>
        <extensions>
          <gpxtpx:TrackPointExtension>
            <gpxtpx:hr>187</gpxtpx:hr>
          </gpxtpx:TrackPointExtension>
        </extensions>
      </trkpt>
      <trkpt lat="35.67016400591494" lon="139.76653879346225">
        <ele>5.304653005674481</ele>
        <time>2025-08-11T11:55:44.002000Z</time>
      </trkpt>
      <trkpt lat="35.670087097567006" lon="139.76663593518543">
        <ele>5.122398132458329</ele>
        <time>2025-08-11T11:55:48.002000Z</time>
      </trkpt>
      <trkpt lat="35.67003795870836" lon="139.76675122578987">
        <ele>4.747650950215757</ele>
        <time>2025-08-11T11:55:53.003000Z</time>
        <extensions>
          <gpxtpx:TrackPointExtension>
            <gpxtpx:hr>187</gpxtpx:hr>
          </gpxtpx:TrackPointExtension>
        </extensions>
      </trkpt>
      <trkpt lat="35.6699691759467" lon="139.76683050028618">
        <ele>4.801457264460623</ele>
        <time>2025-08-11T11:55:56.003000Z</time>
        <extensions>
          <gpxtpx:TrackPointExtension>
            <gpxtpx:hr>188</gpxtpx:hr>
          </gpxtpx:TrackPointExtension>
        </extensions>
      </trkpt>
      <trkpt lat="35.66992896047713" lon="139.76697678463867">
        <ele>4.755889669060707</ele>
        <time>2025-08-11T11:56:00Z</time>
        <extensions>
          <gpxtpx:TrackPointExtension>
            <gpxtpx:hr>188</gpxtpx:hr>
          </gpxtpx:TrackPointExtension>
        </extensions>
      </trkpt>
      <trkpt lat="35.66984039336847" lon="139.7670613443957">
        <ele>4.652199160307646</ele>
        <time>2025-08-11T11:56:04Z</time>
        <extensions>
          <gpxtpx:TrackPointExtension>
            <gpxtpx:hr>188</gpxtpx:hr>
          </gpxtpx:TrackPointExtension>
        </extensions>
      </trkpt>
      <trkpt lat="35.669738993996404" lon="139.76711167067802">
        <ele>5.325856391340494</ele>
        <time>2025-08-11T11:56:08Z</time>
        <extensions>
          <gpxtpx:TrackPointExtension>
            <gpxtpx:hr>188</gpxtpx:hr>
          </gpxtpx:TrackPointExtension>
        </extensions>
      </trkpt>
      <trkpt lat="35.66964171316495" lon="139.76717050610972">
        <ele>5.2520779725164175</ele>
        <time>2025-08-11T11:56:12Z</time>
      </trkpt>
      <trkpt lat="35.66957486296932" lon="139.76725352152184">
        <ele>5.115517775528133</ele>
        <time>2025-08-11T11:56:15Z</time>
        <extensions>
          <gpxtpx:TrackPointExtension>
            <gpxtpx:hr>188</gpxtpx:hr>
          </gpxtpx:TrackPointExtension>
        </extensions>
      </trkpt>
      <trkpt lat="35.66950851890059" lon="139.76733286890936">
        <ele>4.147629548795521</ele>
        <time>2025-08-11T11:56:18.001000Z</time>
        <extensions>
          <gpxtpx:TrackPointExtension>
            <gpxtpx:hr>189</gpxtpx:hr>
          </gpxtpx:TrackPointExtension>
        </extensions>
      </trkpt>
      <trkpt lat="35.669459613114576" lon="139.7674467966133">
        <ele>5.386802239343524</ele>
        <time>2025-08-11T11:56:22.001000Z</time>
      </trkpt>
      <trkpt lat="35.66937041846487" lon="139.7675234119182">
        <ele>4.772976344451308</ele>
        <time>2025-08-11T11:56:26.001000Z</time>
        <extensions>
          <gpxtpx:TrackPointExtension>
            <gpxtpx:hr>190</gpxtpx:hr>
          </gpxtpx:TrackPointExtension>
        </extensions>
      </trkpt>
      <trkpt lat="35.66933469462008" lon="139.7676469952706">
        <ele>4.741857649758458</ele>
        <time>2025-08-11T11:56:30.001000Z</time>
        <extensions>
          <gpxtpx:TrackPointExtension>
            <gpxtpx:hr>190</gpxtpx:hr>
          </gpxtpx:TrackPointExtension>
        </extensions>
      </trkpt>
      <trkpt lat="35.66930394857704" lon="139.76777045012673">
        <ele>4.9882936011999846</ele>
        <time>2025-08-11T11:56:35.001000Z</time>
        <extensions>
          <gpxtpx:TrackPointExtension>
            <gpxtpx:hr>190</gpxtpx:hr>
          </gpxtpx:TrackPointExtension>
        </extensions>
      </trkpt>
      <trkpt lat="35.6692469658817" lon="139.76785683243224">
        <ele>5.239062147215009</ele>
        <time>2025-08-11T11:56:40.001000Z</time>
      </trkpt>
      <trkpt lat="35.66918846530458" lon="139.76794950568834">
        <ele>4.253359731286764</ele>
        <time>2025-08-11T11:56:43.001000Z</time>
      </trkpt>
      <trkpt lat="35.66910054159778" lon="139.7680282842757">
        <ele>5.036251195706427</ele>
        <time>2025-08-11T11:56:48.001000Z</time>
        <extensions>
          <gpxtpx:TrackPointExtension>
            <gpxtpx:hr>191</gpxtpx:hr>
          </gpxtpx:TrackPointExtension>
        </extensions>
      </trkpt>
      <trkpt lat="35.66901218696086" lon="139.76805995702335">
        <ele>5.084615753032267</ele>
        <time>2025-08-11T11:56:52.001000Z</time>
      </trkpt>
      <trkpt lat="35.66893415508335" lon="139.76813603261715">
        <ele>5.001743830740452</ele>
        <time>2025-08-11T11:56:55.001000Z</time>
        <extensions>
          <gpxtpx:TrackPointExtension>
            <gpxtpx:hr>190</gpxtpx:hr>
          </gpxtpx:TrackPointExtension>
        </extensions>
      </trkpt>
      <trkpt lat="35.668846390760656" lon="139.76817751505538">
        <ele>5.243246880359948</ele>
        <time>2025-08-11T11:56:59.001000Z</time>
        <extensions>
          <gpxtpx:TrackPointExtension>
            <gpxtpx:hr>190</gpxtpx:hr>
          </gpxtpx:TrackPointExtension>
        </extensions>
      </trkpt>
      <trkpt lat="35.66874892322117" lon="139.7682201859657">
        <ele>4.968106064945459</ele>
        <time>2025-08-11T11:57:03.001000Z</time>
        <extensions>
          <gpxtpx:TrackPointExtension>
            <gpxtpx:hr>191</gpxtpx:hr>
          </gpxtpx:TrackPointExtension>
        </extensions>
      </trkpt>
      <trkpt lat="35.66871248741835" lon="139.76832560783177">
        <ele>5.945007603615522</ele>
        <time>2025-08-11T11:57:06.001000Z</time>
        <extensions>
          <gpxtpx:TrackPointExtension>
            <gpxtpx:hr>190</gpxtpx:hr>
          </gpxtpx:TrackPointExtension>
        </extensions>
      </trkpt>
      <trkpt lat="35.66849067258476" lon="139.7685416718125">
        <ele>5.507930596359074</ele>
        <time>2025-08-11T11:57:59.003000Z</time>
        <extensions>
          <gpxtpx:TrackPointExtension>
            <gpxtpx:hr>184</gpxtpx:hr>
          </gpxtpx:TrackPointExtension>
        </extensions>
      </trkpt>
      <trkpt lat="35.66841825149718" lon="139.768612280299">
        <ele>5.412303580902517</ele>
        <time>2025-08-11T11:58:03.003000Z</time>
        <extensions>
          <gpxtpx:TrackPointExtension>
            <gpxtpx:hr>184</gpxtpx:hr>
          </gpxtpx:TrackPointExtension>
        </extensions>
      </trkpt>
      <trkpt lat="35.66832753669568" lon="139.76870956357192">
        <ele>4.876491297967732</ele>
        <time>2025-08-11T11:58:08.001000Z</time>
        <extensions>
          <gpxtpx:TrackPointExtension>
            <gpxtpx:hr>181</gpxtpx:hr>
          </gpxtpx:TrackPointExtension>
        </extensions>
      </trkpt>
      <trkpt lat="35.66825664891547" lon="139.76881847612702">
        <ele>4.75682342518121</ele>
        <time>2025-08-11T11:58:12.001000Z</time>
        <extensions>
          <gpxtpx:TrackPointExtension>
            <gpxtpx:hr>180</gpxtpx:hr>
          </gpxtpx:TrackPointExtension>
        </extensions>
      </trkpt>
      <trkpt lat="35.66818833825879" lon="139.76890469935586">
        <ele>4.651053722947836</ele>
        <time>2025-08-11T11:58:15.001000Z</time>
      </trkpt>
      <trkpt lat="35.66810917074867" lon="139.76897975368337">
        <ele>5.797052706591785</ele>
        <time>2025-08-11T11:58:19.001000Z</time>
        <extensions>
          <gpxtpx:TrackPointExtension>
            <gpxtpx:hr>180</gpxtpx:hr>
          </gpxtpx:TrackPointExtension>
        </extensions>
      </trkpt>
      <trkpt lat="35.66806404720037" lon="139.76908994663756">
        <ele>5.211073354817927</ele>
        <time>2025-08-11T11:58:23.001000Z</time>
        <extensions>
          <gpxtpx:TrackPointExtension>
            <gpxtpx:hr>180</gpxtpx:hr>
          </gpxtpx:TrackPointExtension>
        </extensions>
      </trkpt>
      <trkpt lat="35.66797620487161" lon="139.7691457353207">
        <ele>6.456203714944422</ele>
        <time>2025-08-11T11:58:28.001000Z</time>
      </trkpt>
      <trkpt lat="35.66792285621788" lon="139.7692574024381">
        <ele>6.2578670075163245</ele>
        <time>2025-08-11T11:58:32.001000Z</time>
        <extensions>
          <gpxtpx:TrackPointExtension>
            <gpxtpx:hr>185</gpxtpx:hr>
          </gpxtpx:TrackPointExtension>
        </extensions>
      </trkpt>
      <trkpt lat="35.66784105650771" lon="139.76934395815405">
        <ele>4.683029051870108</ele>
        <time>2025-08-11T11:58:35.001000Z</time>
        <extensions>
          <gpxtpx:TrackPointExtension>
            <gpxtpx:hr>185</gpxtpx:hr>
          </gpxtpx:TrackPointExtension>
        </extensions>
      </trkpt>
      <trkpt lat="35.66777902393816" lon="139.76942699214544">
        <ele>6.098258493468165</ele>
        <time>2025-08-11T11:58:38.001000Z</time>
      </trkpt>
      <trkpt lat="35.66771583161712" lon="139.76952991672474">
        <ele>5.350950944237411</ele>
        <time>2025-08-11T11:58:41.001000Z</time>
      </trkpt>
      <trkpt lat="35.66761751491863" lon="139.76958615966737">
        <ele>4.58461872022599</ele>
        <time>2025-08-11T11:58:44.001000Z</time>
        <extensions>
          <gpxtpx:TrackPointExtension>
            <gpxtpx:hr>185</gpxtpx:hr>
          </gpxtpx:TrackPointExtension>
        </extensions>
      </trkpt>
      <trkpt lat="35.6675575832574" lon="139.7696759839747">
        <ele>4.873608265072107</ele>
        <time>2025-08-11T11:58:47.001000Z</time>
      </trkpt>
      <trkpt lat="35.667521282882845" lon="139.76978354033363">
        <ele>5.00639409199357</ele>
        <time>2025-08-11T11:58:51.001000Z</time>
        <extensions>
          <gpxtpx:TrackPointExtension>
            <gpxtpx:hr>186</gpxtpx:hr>
          </gpxtpx:TrackPointExtension>
        </extensions>
      </trkpt>
      <trkpt lat="35.66743644500448" lon="139.76982612208545">
        <ele>3.933446330949664</ele>
        <time>2025-08-11T11:58:54.001000Z</time>
      </trkpt>
      <trkpt lat="35.66735207785758" lon="139.76990710995565">
        <ele>5.473598056472838</ele>
        <time>2025-08-11T11:58:58.001000Z</time>
        <extensions>
          <gpxtpx:TrackPointExtension>
            <gpxtpx:hr>186</gpxtpx:hr>
          </gpxtpx:TrackPointExtension>
        </extensions>
      </trkpt>
      <trkpt lat="35.667341583264" lon="139.77003605926038">
        <ele>-0.519581357948482</ele>
        <time>2025-08-11T11:59:03.001000Z</time>
        <extensions>
          <gpxtpx:TrackPointExtension>
            <gpxtpx:hr>186</gpxtpx:hr>
          </gpxtpx:TrackPointExtension>
        </extensions>
      </trkpt>
      <trkpt lat="35.667319548805615" lon="139.7701798311475">
        <ele>2.292622782289982</ele>
        <time>2025-08-11T11:59:08.001000Z</time>
        <extensions>
          <gpxtpx:TrackPointExtension>
            <gpxtpx:hr>188</gpxtpx:hr>
          </gpxtpx:TrackPointExtension>
        </extensions>
      </trkpt>
      <trkpt lat="35.6672517428964" lon="139.77028466394037">
        <ele>3.0896787606179714</ele>
        <time>2025-08-11T11:59:12.002000Z</time>
      </trkpt>
      <trkpt lat="35.66711739833687" lon="139.77029089936806">
        <ele>3.508633858524263</ele>
        <time>2025-08-11T11:59:14.002000Z</time>
        <extensions>
          <gpxtpx:TrackPointExtension>
            <gpxtpx:hr>189</gpxtpx:hr>
          </gpxtpx:TrackPointExtension>
        </extensions>
      </trkpt>
      <trkpt lat="35.66701735511964" lon="139.77032624468342">
        <ele>4.315212059766054</ele>
        <time>2025-08-11T11:59:17.002000Z</time>
        <extensions>
          <gpxtpx:TrackPointExtension>
            <gpxtpx:hr>189</gpxtpx:hr>
          </gpxtpx:TrackPointExtension>
        </extensions>
      </trkpt>
      <trkpt lat="35.66693076224467" lon="139.77039049331452">
        <ele>5.362697276286781</ele>
        <time>2025-08-11T11:59:21.002000Z</time>
      </trkpt>
      <trkpt lat="35.66683125327655" lon="139.77046187580405">
        <ele>4.125747948884964</ele>
        <time>2025-08-11T11:59:25.002000Z</time>
        <extensions>
          <gpxtpx:TrackPointExtension>
            <gpxtpx:hr>190</gpxtpx:hr>
          </gpxtpx:TrackPointExtension>
        </extensions>
      </trkpt>
      <trkpt lat="35.66675367471549" lon="139.770551505163">
        <ele>4.191953278146684</ele>
        <time>2025-08-11T11:59:29.002000Z</time>
      </trkpt>
      <trkpt lat="35.66669097669422" lon="139.77063566336173">
        <ele>5.0088832303881645</ele>
        <time>2025-08-11T11:59:33.002000Z</time>
      </trkpt>
      <trkpt lat="35.6666208490659" lon="139.7705246149724">
        <ele>5.261733937077224</ele>
        <time>2025-08-11T11:59:38.002000Z</time>
        <extensions>
          <gpxtpx:TrackPointExtension>
            <gpxtpx:hr>189</gpxtpx:hr>
          </gpxtpx:TrackPointExtension>
        </extensions>
      </trkpt>
      <trkpt lat="35.6665341481647" lon="139.77043520675505">
        <ele>5.5052206218242645</ele>
        <time>2025-08-11T11:59:42.002000Z</time>
      </trkpt>
      <trkpt lat="35.66638329237017" lon="139.77042895080453">
        <ele>5.865935857407749</ele>
        <time>2025-08-11T12:00:58.001000Z</time>
        <extensions>
          <gpxtpx:TrackPointExtension>
            <gpxtpx:hr>171</gpxtpx:hr>
          </gpxtpx:TrackPointExtension>
        </extensions>
      </trkpt>
      <trkpt lat="35.6662873807608" lon="139.77053309850655">
        <ele>6.44589954521507</ele>
        <time>2025-08-11T12:01:02.001000Z</time>
        <extensions>
          <gpxtpx:TrackPointExtension>
            <gpxtpx:hr>169</gpxtpx:hr>
          </gpxtpx:TrackPointExtension>
        </extensions>
      </trkpt>
      <trkpt lat="35.666221973298164" lon="139.77064823487737">
        <ele>5.984954420477152</ele>
        <time>2025-08-11T12:01:06.001000Z</time>
      </trkpt>
      <trkpt lat="35.66617321379233" lon="139.77075008777274">
        <ele>5.729720937088132</ele>
        <time>2025-08-11T12:01:12.001000Z</time>
        <extensions>
          <gpxtpx:TrackPointExtension>
            <gpxtpx:hr>167</gpxtpx:hr>
          </gpxtpx:TrackPointExtension>
        </extensions>
      </trkpt>
      <trkpt lat="35.666097166482594" lon="139.77082562972868">
        <ele>5.513301462866366</ele>
        <time>2025-08-11T12:01:16.001000Z</time>
        <extensions>
          <gpxtpx:TrackPointExtension>
            <gpxtpx:hr>169</gpxtpx:hr>
          </gpxtpx:TrackPointExtension>
        </extensions>
      </trkpt>
      <trkpt lat="35.66600465624509" lon="139.77088806875395">
        <ele>6.137423767708242</ele>
        <time>2025-08-11T12:01:20.001000Z</time>
        <extensions>
          <gpxtpx:TrackPointExtension>
            <gpxtpx:hr>171</gpxtpx:hr>
          </gpxtpx:TrackPointExtension>
        </extensions>
      </trkpt>
      <trkpt lat="35.66592045851829" lon="139.77097023283827">
        <ele>6.0677190236747265</ele>
        <time>2025-08-11T12:01:24.001000Z</time>
      </trkpt>
      <trkpt lat="35.66583230093579" lon="139.7710285463762">
        <ele>6.3362874602898955</ele>
        <time>2025-08-11T12:01:28.001000Z</time>
        <extensions>
          <gpxtpx:TrackPointExtension>
            <gpxtpx:hr>173</gpxtpx:hr>
          </gpxtpx:TrackPointExtension>
        </extensions>
      </trkpt>
      <trkpt lat="35.665760285667126" lon="139.77111389368304">
        <ele>6.3273105984553695</ele>
        <time>2025-08-11T12:01:33.001000Z</time>
      </trkpt>
      <trkpt lat="35.665670685786154" lon="139.77118969109318">
        <ele>6.121838889084756</ele>
        <time>2025-08-11T12:01:38.001000Z</time>
        <extensions>
          <gpxtpx:TrackPointExtension>
            <gpxtpx:hr>172</gpxtpx:hr>
          </gpxtpx:TrackPointExtension>
        </extensions>
      </trkpt>
      <trkpt lat="35.66558609074478" lon="139.77126320184513">
        <ele>6.498792899772525</ele>
        <time>2025-08-11T12:01:42.002000Z</time>
      </trkpt>
      <trkpt lat="35.66553419992386" lon="139.77135962777336">
        <ele>7.422843733802438</ele>
        <time>2025-08-11T12:01:45.002000Z</time>
        <extensions>
          <gpxtpx:TrackPointExtension>
            <gpxtpx:hr>178</gpxtpx:hr>
          </gpxtpx:TrackPointExtension>
        </extensions>
      </trkpt>
      <trkpt lat="35.66545435141619" lon="139.7714420766477">
        <ele>6.433652363717556</ele>
        <time>2025-08-11T12:01:49.002000Z</time>
        <extensions>
          <gpxtpx:TrackPointExtension>
            <gpxtpx:hr>180</gpxtpx:hr>
          </gpxtpx:TrackPointExtension>
        </extensions>
      </trkpt>
      <trkpt lat="35.66536372298916" lon="139.77152247560701">
        <ele>8.842486220411956</ele>
        <time>2025-08-11T12:01:54.002000Z</time>
        <extensions>
          <gpxtpx:TrackPointExtension>
            <gpxtpx:hr>182</gpxtpx:hr>
          </gpxtpx:TrackPointExtension>
        </extensions>
      </trkpt>
      <trkpt lat="35.6652974065876" lon="139.77159819600365">
        <ele>10.544204549863935</ele>
        <time>2025-08-11T12:01:58.002000Z</time>
        <extensions>
          <gpxtpx:TrackPointExtension>
            <gpxtpx:hr>182</gpxtpx:hr>
          </gpxtpx:TrackPointExtension>
        </extensions>
      </trkpt>
      <trkpt lat="35.66520785171701" lon="139.7716890867254">
        <ele>8.624531111679971</ele>
        <time>2025-08-11T12:02:03.002000Z</time>
        <extensions>
          <gpxtpx:TrackPointExtension>
            <gpxtpx:hr>181</gpxtpx:hr>
          </gpxtpx:TrackPointExtension>
        </extensions>
      </trkpt>
      <trkpt lat="35.665120549191734" lon="139.7717638811418">
        <ele>7.674400615505874</ele>
        <time>2025-08-11T12:02:07.002000Z</time>
        <extensions>
          <gpxtpx:TrackPointExtension>
            <gpxtpx:hr>180</gpxtpx:hr>
          </gpxtpx:TrackPointExtension>
        </extensions>
      </trkpt>
      <trkpt lat="35.66504378298156" lon="139.7718433830067">
        <ele>1.4675580766052008</ele>
        <time>2025-08-11T12:02:11.002000Z</time>
      </trkpt>
      <trkpt lat="35.6649836393761" lon="139.77194061845856">
        <ele>3.774392952211201</ele>
        <time>2025-08-11T12:02:15.002000Z</time>
        <extensions>
          <gpxtpx:TrackPointExtension>
            <gpxtpx:hr>182</gpxtpx:hr>
          </gpxtpx:TrackPointExtension>
        </extensions>
      </trkpt>
      <trkpt lat="35.66491570966366" lon="139.77204215323462">
        <ele>4.472717420198023</ele>
        <time>2025-08-11T12:02:18.999000Z</time>
        <extensions>
          <gpxtpx:TrackPointExtension>
            <gpxtpx:hr>183</gpxtpx:hr>
          </gpxtpx:TrackPointExtension>
        </extensions>
      </trkpt>
      <trkpt lat="35.664836132949475" lon="139.77213140439437">
        <ele>5.961663095280528</ele>
        <time>2025-08-11T12:02:22.999000Z</time>
        <extensions>
          <gpxtpx:TrackPointExtension>
            <gpxtpx:hr>185</gpxtpx:hr>
          </gpxtpx:TrackPointExtension>
        </extensions>
      </trkpt>
      <trkpt lat="35.664770625478496" lon="139.77224668036365">
        <ele>5.55951199028641</ele>
        <time>2025-08-11T12:02:27.999000Z</time>
        <extensions>
          <gpxtpx:TrackPointExtension>
            <gpxtpx:hr>185</gpxtpx:hr>
          </gpxtpx:TrackPointExtension>
        </extensions>
      </trkpt>
      <trkpt lat="35.66469224003167" lon="139.77233598795786">
        <ele>6.791881299577653</ele>
        <time>2025-08-11T12:02:32.999000Z</time>
        <extensions>
          <gpxtpx:TrackPointExtension>
            <gpxtpx:hr>186</gpxtpx:hr>
          </gpxtpx:TrackPointExtension>
        </extensions>
      </trkpt>
      <trkpt lat="35.6644653956404" lon="139.77252090728715">
        <ele>6.567841752432287</ele>
        <time>2025-08-11T12:03:22.001000Z</time>
        <extensions>
          <gpxtpx:TrackPointExtension>
            <gpxtpx:hr>178</gpxtpx:hr>
          </gpxtpx:TrackPointExtension>
        </extensions>
      </trkpt>
      <trkpt lat="35.664378697941416" lon="139.77258808050712">
        <ele>6.531939001753926</ele>
        <time>2025-08-11T12:03:29.001000Z</time>
        <extensions>
          <gpxtpx:TrackPointExtension>
            <gpxtpx:hr>174</gpxtpx:hr>
          </gpxtpx:TrackPointExtension>
        </extensions>
      </trkpt>
      <trkpt lat="35.66430787366408" lon="139.77268093741924">
        <ele>6.230383439920843</ele>
        <time>2025-08-11T12:03:33.001000Z</time>
        <extensions>
          <gpxtpx:TrackPointExtension>
            <gpxtpx:hr>173</gpxtpx:hr>
          </gpxtpx:TrackPointExtension>
        </extensions>
      </trkpt>
      <trkpt lat="35.664227039734804" lon="139.77276365206714">
        <ele>6.411502339877188</ele>
        <time>2025-08-11T12:03:38.001000Z</time>
        <extensions>
          <gpxtpx:TrackPointExtension>
            <gpxtpx:hr>173</gpxtpx:hr>
          </gpxtpx:TrackPointExtension>
        </extensions>
      </trkpt>
      <trkpt lat="35.664158364000144" lon="139.7728506769469">
        <ele>1.9247161904349923</ele>
        <time>2025-08-11T12:03:44.001000Z</time>
        <extensions>
          <gpxtpx:TrackPointExtension>
            <gpxtpx:hr>174</gpxtpx:hr>
          </gpxtpx:TrackPointExtension>
        </extensions>
      </trkpt>
      <trkpt lat="35.66406859261822" lon="139.77292767170974">
        <ele>3.9464941769838333</ele>
        <time>2025-08-11T12:03:48.001000Z</time>
        <extensions>
          <gpxtpx:TrackPointExtension>
            <gpxtpx:hr>175</gpxtpx:hr>
          </gpxtpx:TrackPointExtension>
        </extensions>
      </trkpt>
      <trkpt lat="35.664008650767194" lon="139.7730285898147">
        <ele>4.592726160772145</ele>
        <time>2025-08-11T12:03:52.001000Z</time>
      </trkpt>
      <trkpt lat="35.66393491130689" lon="139.77310992309896">
        <ele>4.007963006384671</ele>
        <time>2025-08-11T12:03:56.002000Z</time>
        <extensions>
          <gpxtpx:TrackPointExtension>
            <gpxtpx:hr>177</gpxtpx:hr>
          </gpxtpx:TrackPointExtension>
        </extensions>
      </trkpt>
      <trkpt lat="35.66385886665144" lon="139.7732169222691">
        <ele>6.201201892457902</ele>
        <time>2025-08-11T12:04:01.002000Z</time>
        <extensions>
          <gpxtpx:TrackPointExtension>
            <gpxtpx:hr>177</gpxtpx:hr>
          </gpxtpx:TrackPointExtension>
        </extensions>
      </trkpt>
      <trkpt lat="35.6637927976452" lon="139.77331254142916">
        <ele>6.536786184646189</ele>
        <time>2025-08-11T12:04:05.002000Z</time>
      </trkpt>
      <trkpt lat="35.66371116236021" lon="139.77338977304942">
        <ele>8.032730102539062</ele>
        <time>2025-08-11T12:04:09.002000Z</time>
        <extensions>
          <gpxtpx:TrackPointExtension>
            <gpxtpx:hr>177</gpxtpx:hr>
          </gpxtpx:TrackPointExtension>
        </extensions>
      </trkpt>
      <trkpt lat="35.66363186046781" lon="139.77347933163645">
        <ele>7.629180474206805</ele>
        <time>2025-08-11T12:04:14.002000Z</time>
        <extensions>
          <gpxtpx:TrackPointExtension>
            <gpxtpx:hr>177</gpxtpx:hr>
          </gpxtpx:TrackPointExtension>
        </extensions>
      </trkpt>
      <trkpt lat="35.663552999626866" lon="139.7735513220301">
        <ele>7.094731679186225</ele>
        <time>2025-08-11T12:04:20.002000Z</time>
        <extensions>
          <gpxtpx:TrackPointExtension>
            <gpxtpx:hr>177</gpxtpx:hr>
          </gpxtpx:TrackPointExtension>
        </extensions>
      </trkpt>
      <trkpt lat="35.66346630193317" lon="139.773621200045">
        <ele>7.327149010263383</ele>
        <time>2025-08-11T12:04:25Z</time>
        <extensions>
          <gpxtpx:TrackPointExtension>
            <gpxtpx:hr>176</gpxtpx:hr>
          </gpxtpx:TrackPointExtension>
        </extensions>
      </trkpt>
      <trkpt lat="35.66338814071831" lon="139.773687186038">
        <ele>7.591092283837497</ele>
        <time>2025-08-11T12:04:30Z</time>
        <extensions>
          <gpxtpx:TrackPointExtension>
            <gpxtpx:hr>177</gpxtpx:hr>
          </gpxtpx:TrackPointExtension>
        </extensions>
      </trkpt>
      <trkpt lat="35.66331602907588" lon="139.77376062066426">
        <ele>6.813445505686104</ele>
        <time>2025-08-11T12:04:35Z</time>
        <extensions>
          <gpxtpx:TrackPointExtension>
            <gpxtpx:hr>178</gpxtpx:hr>
          </gpxtpx:TrackPointExtension>
        </extensions>
      </trkpt>
      <trkpt lat="35.663244117968446" lon="139.77384185576196">
        <ele>7.839123089797795</ele>
        <time>2025-08-11T12:04:40Z</time>
        <extensions>
          <gpxtpx:TrackPointExtension>
            <gpxtpx:hr>179</gpxtpx:hr>
          </gpxtpx:TrackPointExtension>
        </extensions>
      </trkpt>
      <trkpt lat="35.66315424771836" lon="139.77392786085264">
        <ele>7.371765640564263</ele>
        <time>2025-08-11T12:04:44Z</time>
      </trkpt>
      <trkpt lat="35.66283980562401" lon="139.77423822295464">
        <ele>8.823768849484622</ele>
        <time>2025-08-11T12:05:39.001000Z</time>
        <extensions>
          <gpxtpx:TrackPointExtension>
            <gpxtpx:hr>175</gpxtpx:hr>
          </gpxtpx:TrackPointExtension>
        </extensions>
      </trkpt>
      <trkpt lat="35.66275834012689" lon="139.77431520795506">
        <ele>9.330071412958205</ele>
        <time>2025-08-11T12:05:44.001000Z</time>
        <extensions>
          <gpxtpx:TrackPointExtension>
            <gpxtpx:hr>175</gpxtpx:hr>
          </gpxtpx:TrackPointExtension>
        </extensions>
      </trkpt>
      <trkpt lat="35.66265278148618" lon="139.77438662914244">
        <ele>9.753439296968281</ele>
        <time>2025-08-11T12:05:49.002000Z</time>
        <extensions>
          <gpxtpx:TrackPointExtension>
            <gpxtpx:hr>172</gpxtpx:hr>
          </gpxtpx:TrackPointExtension>
        </extensions>
      </trkpt>
      <trkpt lat="35.66257307173952" lon="139.77447461320048">
        <ele>8.611074335873127</ele>
        <time>2025-08-11T12:05:55.002000Z</time>
        <extensions>
          <gpxtpx:TrackPointExtension>
            <gpxtpx:hr>173</gpxtpx:hr>
          </gpxtpx:TrackPointExtension>
        </extensions>
      </trkpt>
      <trkpt lat="35.662494590864085" lon="139.77454141408202">
        <ele>6.6641600942239165</ele>
        <time>2025-08-11T12:06:00.002000Z</time>
        <extensions>
          <gpxtpx:TrackPointExtension>
            <gpxtpx:hr>176</gpxtpx:hr>
          </gpxtpx:TrackPointExtension>
        </extensions>
      </trkpt>
      <trkpt lat="35.662442933259875" lon="139.77465431924108">
        <ele>5.834604077041149</ele>
        <time>2025-08-11T12:06:04.002000Z</time>
      </trkpt>
      <trkpt lat="35.662337064815134" lon="139.7746790682789">
        <ele>7.0715785920619965</ele>
        <time>2025-08-11T12:06:09.002000Z</time>
        <extensions>
          <gpxtpx:TrackPointExtension>
            <gpxtpx:hr>177</gpxtpx:hr>
          </gpxtpx:TrackPointExtension>
        </extensions>
      </trkpt>
      <trkpt lat="35.662253741815796" lon="139.77475720775993">
        <ele>7.80856547690928</ele>
        <time>2025-08-11T12:06:13.002000Z</time>
        <extensions>
          <gpxtpx:TrackPointExtension>
            <gpxtpx:hr>177</gpxtpx:hr>
          </gpxtpx:TrackPointExtension>
        </extensions>
      </trkpt>
      <trkpt lat="35.66217502140867" lon="139.77483089599733">
        <ele>7.9971726117655635</ele>
        <time>2025-08-11T12:06:17.002000Z</time>
        <extensions>
          <gpxtpx:TrackPointExtension>
            <gpxtpx:hr>178</gpxtpx:hr>
          </gpxtpx:TrackPointExtension>
        </extensions>
      </trkpt>
      <trkpt lat="35.66209209050345" lon="139.7749034111676">
        <ele>9.137372381985188</ele>
        <time>2025-08-11T12:06:21.002000Z</time>
      </trkpt>
      <trkpt lat="35.662016437007615" lon="139.77497830768948">
        <ele>7.246994448825717</ele>
        <time>2025-08-11T12:06:26.002000Z</time>
        <extensions>
          <gpxtpx:TrackPointExtension>
            <gpxtpx:hr>178</gpxtpx:hr>
          </gpxtpx:TrackPointExtension>
        </extensions>
      </trkpt>
      <trkpt lat="35.66195360019096" lon="139.77506022574286">
        <ele>7.777992411516607</ele>
        <time>2025-08-11T12:06:34Z</time>
        <extensions>
          <gpxtpx:TrackPointExtension>
            <gpxtpx:hr>179</gpxtpx:hr>
          </gpxtpx:TrackPointExtension>
        </extensions>
      </trkpt>
      <trkpt lat="35.661863940750244" lon="139.77510695854167">
        <ele>7.320648639462888</ele>
        <time>2025-08-11T12:06:38Z</time>
        <extensions>
          <gpxtpx:TrackPointExtension>
            <gpxtpx:hr>178</gpxtpx:hr>
          </gpxtpx:TrackPointExtension>
        </extensions>
      </trkpt>
      <trkpt lat="35.66179274947083" lon="139.77517740901348">
        <ele>8.649764971807599</ele>
        <time>2025-08-11T12:06:44Z</time>
        <extensions>
          <gpxtpx:TrackPointExtension>
            <gpxtpx:hr>178</gpxtpx:hr>
          </gpxtpx:TrackPointExtension>
        </extensions>
      </trkpt>
      <trkpt lat="35.661720188852975" lon="139.77526480875335">
        <ele>6.306701241061091</ele>
        <time>2025-08-11T12:06:48Z</time>
      </trkpt>
      <trkpt lat="35.66161818559275" lon="139.77535557807425">
        <ele>6.844085080549121</ele>
        <time>2025-08-11T12:06:51Z</time>
        <extensions>
          <gpxtpx:TrackPointExtension>
            <gpxtpx:hr>179</gpxtpx:hr>
          </gpxtpx:TrackPointExtension>
        </extensions>
      </trkpt>
      <trkpt lat="35.66152477608508" lon="139.77543375159414">
        <ele>6.499742336571217</ele>
        <time>2025-08-11T12:06:55Z</time>
        <extensions>
          <gpxtpx:TrackPointExtension>
            <gpxtpx:hr>179</gpxtpx:hr>
          </gpxtpx:TrackPointExtension>
        </extensions>
      </trkpt>
      <trkpt lat="35.66144084840355" lon="139.7755144533621">
        <ele>6.348715289495885</ele>
        <time>2025-08-11T12:06:59Z</time>
      </trkpt>
      <trkpt lat="35.661341873032356" lon="139.77559329634866">
        <ele>5.760942413471639</ele>
        <time>2025-08-11T12:07:03Z</time>
        <extensions>
          <gpxtpx:TrackPointExtension>
            <gpxtpx:hr>181</gpxtpx:hr>
          </gpxtpx:TrackPointExtension>
        </extensions>
      </trkpt>
      <trkpt lat="35.661250162006084" lon="139.77567126662169">
        <ele>6.053950468078256</ele>
        <time>2025-08-11T12:07:07Z</time>
      </trkpt>
      <trkpt lat="35.66115113726745" lon="139.7757233559163">
        <ele>6.756910310126841</ele>
        <time>2025-08-11T12:07:11.001000Z</time>
        <extensions>
          <gpxtpx:TrackPointExtension>
            <gpxtpx:hr>180</gpxtpx:hr>
          </gpxtpx:TrackPointExtension>
        </extensions>
      </trkpt>
      <trkpt lat="35.66105892998647" lon="139.77578557412915">
        <ele>6.847727649845183</ele>
        <time>2025-08-11T12:07:15.001000Z</time>
        <extensions>
          <gpxtpx:TrackPointExtension>
            <gpxtpx:hr>181</gpxtpx:hr>
          </gpxtpx:TrackPointExtension>
        </extensions>
      </trkpt>
      <trkpt lat="35.66097545118022" lon="139.77582876229803">
        <ele>6.016050413250923</ele>
        <time>2025-08-11T12:07:18.001000Z</time>
        <extensions>
          <gpxtpx:TrackPointExtension>
            <gpxtpx:hr>180</gpxtpx:hr>
          </gpxtpx:TrackPointExtension>
        </extensions>
      </trkpt>
      <trkpt lat="35.660880586872395" lon="139.77590964105988">
        <ele>5.660333536565304</ele>
        <time>2025-08-11T12:07:22.001000Z</time>
        <extensions>
          <gpxtpx:TrackPointExtension>
            <gpxtpx:hr>180</gpxtpx:hr>
          </gpxtpx:TrackPointExtension>
        </extensions>
      </trkpt>
      <trkpt lat="35.66079599277079" lon="139.7759898645511">
        <ele>5.31701675709337</ele>
        <time>2025-08-11T12:07:26.001000Z</time>
        <extensions>
          <gpxtpx:TrackPointExtension>
            <gpxtpx:hr>181</gpxtpx:hr>
          </gpxtpx:TrackPointExtension>
        </extensions>
      </trkpt>
      <trkpt lat="35.66070415549288" lon="139.77604938523788">
        <ele>4.166278430260718</ele>
        <time>2025-08-11T12:07:30.001000Z</time>
      </trkpt>
      <trkpt lat="35.66061847341651" lon="139.7761384945159">
        <ele>4.392822404392064</ele>
        <time>2025-08-11T12:07:34.001000Z</time>
        <extensions>
          <gpxtpx:TrackPointExtension>
            <gpxtpx:hr>181</gpxtpx:hr>
          </gpxtpx:TrackPointExtension>
        </extensions>
      </trkpt>
      <trkpt lat="35.660516381238565" lon="139.77617155411954">
        <ele>4.26791060436517</ele>
        <time>2025-08-11T12:07:39.001000Z</time>
        <extensions>
          <gpxtpx:TrackPointExtension>
            <gpxtpx:hr>180</gpxtpx:hr>
          </gpxtpx:TrackPointExtension>
        </extensions>
      </trkpt>
      <trkpt lat="35.660436475079734" lon="139.77624873614127">
        <ele>4.760337856598198</ele>
        <time>2025-08-11T12:07:43.001000Z</time>
        <extensions>
          <gpxtpx:TrackPointExtension>
            <gpxtpx:hr>181</gpxtpx:hr>
          </gpxtpx:TrackPointExtension>
        </extensions>
      </trkpt>
      <trkpt lat="35.660350911581745" lon="139.77630989729857">
        <ele>5.050425355322659</ele>
        <time>2025-08-11T12:07:47.001000Z</time>
      </trkpt>
      <trkpt lat="35.66026157018025" lon="139.7763781335099">
        <ele>6.178431647829711</ele>
        <time>2025-08-11T12:07:52.002000Z</time>
        <extensions>
          <gpxtpx:TrackPointExtension>
            <gpxtpx:hr>180</gpxtpx:hr>
          </gpxtpx:TrackPointExtension>
        </extensions>
      </trkpt>
      <trkpt lat="35.66018778768957" lon="139.7764700154164">
        <ele>5.626934675499797</ele>
        <time>2025-08-11T12:07:57.002000Z</time>
      </trkpt>
      <trkpt lat="35.660133364956465" lon="139.77656656955205">
        <ele>6.150008516386151</ele>
        <time>2025-08-11T12:08:01.002000Z</time>
        <extensions>
          <gpxtpx:TrackPointExtension>
            <gpxtpx:hr>179</gpxtpx:hr>
          </gpxtpx:TrackPointExtension>
        </extensions>
      </trkpt>
      <trkpt lat="35.66008295720503" lon="139.77668552999486">
        <ele>5.046866420656443</ele>
        <time>2025-08-11T12:08:05.002000Z</time>
        <extensions>
          <gpxtpx:TrackPointExtension>
            <gpxtpx:hr>179</gpxtpx:hr>
          </gpxtpx:TrackPointExtension>
        </extensions>
      </trkpt>
      <trkpt lat="35.65999511760357" lon="139.77678150578913">
        <ele>5.16714639402926</ele>
        <time>2025-08-11T12:08:10.002000Z</time>
      </trkpt>
      <trkpt lat="35.65990556672785" lon="139.77686723272515">
        <ele>5.127602918073535</ele>
        <time>2025-08-11T12:08:15.002000Z</time>
        <extensions>
          <gpxtpx:TrackPointExtension>
            <gpxtpx:hr>181</gpxtpx:hr>
          </gpxtpx:TrackPointExtension>
        </extensions>
      </trkpt>
      <trkpt lat="35.65983468203651" lon="139.776954675142">
        <ele>5.339817731641233</ele>
        <time>2025-08-11T12:08:19.002000Z</time>
        <extensions>
          <gpxtpx:TrackPointExtension>
            <gpxtpx:hr>179</gpxtpx:hr>
          </gpxtpx:TrackPointExtension>
        </extensions>
      </trkpt>
      <trkpt lat="35.659737221352486" lon="139.7770254678148">
        <ele>4.68862537946552</ele>
        <time>2025-08-11T12:08:23.002000Z</time>
        <extensions>
          <gpxtpx:TrackPointExtension>
            <gpxtpx:hr>181</gpxtpx:hr>
          </gpxtpx:TrackPointExtension>
        </extensions>
      </trkpt>
      <trkpt lat="35.65966727637263" lon="139.7770973827853">
        <ele>4.325875307433307</ele>
        <time>2025-08-11T12:08:27.002000Z</time>
      </trkpt>
      <trkpt lat="35.6595779634395" lon="139.777125331393">
        <ele>4.875452638603747</ele>
        <time>2025-08-11T12:08:31.002000Z</time>
        <extensions>
          <gpxtpx:TrackPointExtension>
            <gpxtpx:hr>183</gpxtpx:hr>
          </gpxtpx:TrackPointExtension>
        </extensions>
      </trkpt>
      <trkpt lat="35.6594841940699" lon="139.7771798812929">
        <ele>5.445368379354477</ele>
        <time>2025-08-11T12:08:36.001000Z</time>
        <extensions>
          <gpxtpx:TrackPointExtension>
            <gpxtpx:hr>182</gpxtpx:hr>
          </gpxtpx:TrackPointExtension>
        </extensions>
      </trkpt>
      <trkpt lat="35.6594010799571" lon="139.77727576695256">
        <ele>5.339269452728331</ele>
        <time>2025-08-11T12:08:40.001000Z</time>
      </trkpt>
      <trkpt lat="35.65934639432602" lon="139.77737451767547">
        <ele>5.112973716109991</ele>
        <time>2025-08-11T12:08:44.001000Z</time>
        <extensions>
          <gpxtpx:TrackPointExtension>
            <gpxtpx:hr>182</gpxtpx:hr>
          </gpxtpx:TrackPointExtension>
        </extensions>
      </trkpt>
      <trkpt lat="35.659395922294394" lon="139.7774668865124">
        <ele>4.750903220847249</ele>
        <time>2025-08-11T12:08:47.001000Z</time>
        <extensions>
          <gpxtpx:TrackPointExtension>
            <gpxtpx:hr>182</gpxtpx:hr>
          </gpxtpx:TrackPointExtension>
        </extensions>
      </trkpt>
      <trkpt lat="35.65944734847307" lon="139.7775631733698">
        <ele>5.000376600772142</ele>
        <time>2025-08-11T12:08:51.001000Z</time>
        <extensions>
          <gpxtpx:TrackPointExtension>
            <gpxtpx:hr>182</gpxtpx:hr>
          </gpxtpx:TrackPointExtension>
        </extensions>
      </trkpt>
      <trkpt lat="35.65950588226672" lon="139.77765393972072">
        <ele>6.2441959753632545</ele>
        <time>2025-08-11T12:08:54.001000Z</time>
      </trkpt>
      <trkpt lat="35.659588729858235" lon="139.77775196195336">
        <ele>4.1561751533299685</ele>
        <time>2025-08-11T12:08:59.001000Z</time>
        <extensions>
          <gpxtpx:TrackPointExtension>
            <gpxtpx:hr>183</gpxtpx:hr>
          </gpxtpx:TrackPointExtension>
        </extensions>
      </trkpt>
      <trkpt lat="35.65966200476439" lon="139.7778582019767">
        <ele>4.320713033899665</ele>
        <time>2025-08-11T12:09:04.001000Z</time>
        <extensions>
          <gpxtpx:TrackPointExtension>
            <gpxtpx:hr>183</gpxtpx:hr>
          </gpxtpx:TrackPointExtension>
        </extensions>
      </trkpt>
      <trkpt lat="35.659737188183875" lon="139.7779354384694">
        <ele>4.580702397972345</ele>
        <time>2025-08-11T12:09:08.001000Z</time>
        <extensions>
          <gpxtpx:TrackPointExtension>
            <gpxtpx:hr>184</gpxtpx:hr>
          </gpxtpx:TrackPointExtension>
        </extensions>
      </trkpt>
      <trkpt lat="35.6597660929165" lon="139.77804436642273">
        <ele>5.188566992990673</ele>
        <time>2025-08-11T12:09:12.001000Z</time>
      </trkpt>
      <trkpt lat="35.65981677716053" lon="139.77816919372788">
        <ele>5.650058848783374</ele>
        <time>2025-08-11T12:09:16.001000Z</time>
        <extensions>
          <gpxtpx:TrackPointExtension>
            <gpxtpx:hr>184</gpxtpx:hr>
          </gpxtpx:TrackPointExtension>
        </extensions>
      </trkpt>
      <trkpt lat="35.659883262299836" lon="139.7782757998974">
        <ele>4.721505610272288</ele>
        <time>2025-08-11T12:09:21.001000Z</time>
      </trkpt>
      <trkpt lat="35.65994257794419" lon="139.7783640292413">
        <ele>4.584263190627098</ele>
        <time>2025-08-11T12:09:25.001000Z</time>
        <extensions>
          <gpxtpx:TrackPointExtension>
            <gpxtpx:hr>184</gpxtpx:hr>
          </gpxtpx:TrackPointExtension>
        </extensions>
      </trkpt>
      <trkpt lat="35.660001319120575" lon="139.77846193563235">
        <ele>5.443653990514576</ele>
        <time>2025-08-11T12:09:29.001000Z</time>
        <extensions>
          <gpxtpx:TrackPointExtension>
            <gpxtpx:hr>184</gpxtpx:hr>
          </gpxtpx:TrackPointExtension>
        </extensions>
      </trkpt>
      <trkpt lat="35.66007152040095" lon="139.77855226422002">
        <ele>5.312707173638046</ele>
        <time>2025-08-11T12:09:33.001000Z</time>
      </trkpt>
      <trkpt lat="35.66015386943394" lon="139.77860805669084">
        <ele>5.675881262868643</ele>
        <time>2025-08-11T12:09:37.001000Z</time>
        <extensions>
          <gpxtpx:TrackPointExtension>
            <gpxtpx:hr>184</gpxtpx:hr>
          </gpxtpx:TrackPointExtension>
        </extensions>
      </trkpt>
      <trkpt lat="35.66020553371812" lon="139.77871640885564">
        <ele>5.361315093003213</ele>
        <time>2025-08-11T12:09:42.001000Z</time>
        <extensions>
          <gpxtpx:TrackPointExtension>
            <gpxtpx:hr>184</gpxtpx:hr>
          </gpxtpx:TrackPointExtension>
        </extensions>
      </trkpt>
      <trkpt lat="35.660289015636785" lon="139.77878534099915">
        <ele>5.729997651651502</ele>
        <time>2025-08-11T12:09:47.002000Z</time>
      </trkpt>
      <trkpt lat="35.660336500411944" lon="139.77888355789912">
        <ele>5.7958669709041715</ele>
        <time>2025-08-11T12:09:52.002000Z</time>
        <extensions>
          <gpxtpx:TrackPointExtension>
            <gpxtpx:hr>185</gpxtpx:hr>
          </gpxtpx:TrackPointExtension>
        </extensions>
      </trkpt>
      <trkpt lat="35.660407236623406" lon="139.77897083534236">
        <ele>5.662425624206662</ele>
        <time>2025-08-11T12:09:56.002000Z</time>
        <extensions>
          <gpxtpx:TrackPointExtension>
            <gpxtpx:hr>185</gpxtpx:hr>
          </gpxtpx:TrackPointExtension>
        </extensions>
      </trkpt>
      <trkpt lat="35.66047174313451" lon="139.77905102247942">
        <ele>4.9657966224476695</ele>
        <time>2025-08-11T12:10:00.002000Z</time>
      </trkpt>
      <trkpt lat="35.66052542852275" lon="139.7791543222443">
        <ele>4.700818886049092</ele>
        <time>2025-08-11T12:10:04.002000Z</time>
        <extensions>
          <gpxtpx:TrackPointExtension>
            <gpxtpx:hr>186</gpxtpx:hr>
          </gpxtpx:TrackPointExtension>
        </extensions>
      </trkpt>
      <trkpt lat="35.660610670377764" lon="139.77922173575357">
        <ele>3.9212678223848343</ele>
        <time>2025-08-11T12:10:09.002000Z</time>
        <extensions>
          <gpxtpx:TrackPointExtension>
            <gpxtpx:hr>186</gpxtpx:hr>
          </gpxtpx:TrackPointExtension>
        </extensions>
      </trkpt>
      <trkpt lat="35.66067631174709" lon="139.77932143709623">
        <ele>4.078041554428637</ele>
        <time>2025-08-11T12:10:13.002000Z</time>
      </trkpt>
      <trkpt lat="35.660735085189394" lon="139.77941755605977">
        <ele>3.871820719912648</ele>
        <time>2025-08-11T12:10:17.002000Z</time>
        <extensions>
          <gpxtpx:TrackPointExtension>
            <gpxtpx:hr>186</gpxtpx:hr>
          </gpxtpx:TrackPointExtension>
        </extensions>
      </trkpt>
      <trkpt lat="35.660809354961835" lon="139.77951391722542">
        <ele>3.880480461753905</ele>
        <time>2025-08-11T12:10:21.002000Z</time>
      </trkpt>
      <trkpt lat="35.660882106684404" lon="139.77960656012928">
        <ele>3.9531680960208178</ele>
        <time>2025-08-11T12:10:26.002000Z</time>
        <extensions>
          <gpxtpx:TrackPointExtension>
            <gpxtpx:hr>186</gpxtpx:hr>
          </gpxtpx:TrackPointExtension>
        </extensions>
      </trkpt>
      <trkpt lat="35.66093185775832" lon="139.7797148400331">
        <ele>4.132341906428337</ele>
        <time>2025-08-11T12:10:30.003000Z</time>
        <extensions>
          <gpxtpx:TrackPointExtension>
            <gpxtpx:hr>186</gpxtpx:hr>
          </gpxtpx:TrackPointExtension>
        </extensions>
      </trkpt>
      <trkpt lat="35.660983417502216" lon="139.77983340459195">
        <ele>4.466402833350003</ele>
        <time>2025-08-11T12:10:35.003000Z</time>
      </trkpt>
      <trkpt lat="35.66104258021806" lon="139.77993726945218">
        <ele>4.6018954291939735</ele>
        <time>2025-08-11T12:10:39.003000Z</time>
        <extensions>
          <gpxtpx:TrackPointExtension>
            <gpxtpx:hr>185</gpxtpx:hr>
          </gpxtpx:TrackPointExtension>
        </extensions>
      </trkpt>
      <trkpt lat="35.66110435166898" lon="139.78005056661837">
        <ele>4.787349097430706</ele>
        <time>2025-08-11T12:10:44.002000Z</time>
        <extensions>
          <gpxtpx:TrackPointExtension>
            <gpxtpx:hr>185</gpxtpx:hr>
          </gpxtpx:TrackPointExtension>
        </extensions>
      </trkpt>
      <trkpt lat="35.66115699051069" lon="139.78014781585702">
        <ele>5.31661388091743</ele>
        <time>2025-08-11T12:10:48.002000Z</time>
      </trkpt>
      <trkpt lat="35.66123829331157" lon="139.78020751293744">
        <ele>5.547074749134481</ele>
        <time>2025-08-11T12:10:52.001000Z</time>
        <extensions>
          <gpxtpx:TrackPointExtension>
            <gpxtpx:hr>185</gpxtpx:hr>
          </gpxtpx:TrackPointExtension>
        </extensions>
      </trkpt>
      <trkpt lat="35.661274268019085" lon="139.780319914197">
        <ele>5.490210117772222</ele>
        <time>2025-08-11T12:10:56.001000Z</time>
      </trkpt>
      <trkpt lat="35.661381106642416" lon="139.7803233060944">
        <ele>3.820426587946713</ele>
        <time>2025-08-11T12:11:00.001000Z</time>
        <extensions>
          <gpxtpx:TrackPointExtension>
            <gpxtpx:hr>185</gpxtpx:hr>
          </gpxtpx:TrackPointExtension>
        </extensions>
      </trkpt>
      <trkpt lat="35.66143367229486" lon="139.78041684044504">
        <ele>4.265131126157939</ele>
        <time>2025-08-11T12:11:04.001000Z</time>
        <extensions>
          <gpxtpx:TrackPointExtension>
            <gpxtpx:hr>185</gpxtpx:hr>
          </gpxtpx:TrackPointExtension>
        </extensions>
      </trkpt>
      <trkpt lat="35.66149394058208" lon="139.78052539174087">
        <ele>3.8764763586223125</ele>
        <time>2025-08-11T12:11:09.001000Z</time>
        <extensions>
          <gpxtpx:TrackPointExtension>
            <gpxtpx:hr>185</gpxtpx:hr>
          </gpxtpx:TrackPointExtension>
        </extensions>
      </trkpt>
      <trkpt lat="35.66156811017266" lon="139.7806240643364">
        <ele>4.405295312404633</ele>
        <time>2025-08-11T12:11:14.001000Z</time>
        <extensions>
          <gpxtpx:TrackPointExtension>
            <gpxtpx:hr>184</gpxtpx:hr>
          </gpxtpx:TrackPointExtension>
        </extensions>
      </trkpt>
      <trkpt lat="35.66161988615539" lon="139.78072813734485">
        <ele>4.350113641470671</ele>
        <time>2025-08-11T12:11:18.001000Z</time>
        <extensions>
          <gpxtpx:TrackPointExtension>
            <gpxtpx:hr>183</gpxtpx:hr>
          </gpxtpx:TrackPointExtension>
        </extensions>
      </trkpt>
      <trkpt lat="35.66170520533708" lon="139.780772696987">
        <ele>3.890257445164025</ele>
        <time>2025-08-11T12:11:23.001000Z</time>
        <extensions>
          <gpxtpx:TrackPointExtension>
            <gpxtpx:hr>184</gpxtpx:hr>
          </gpxtpx:TrackPointExtension>
        </extensions>
      </trkpt>
      <trkpt lat="35.66173921881049" lon="139.78088105134134">
        <ele>4.2229521088302135</ele>
        <time>2025-08-11T12:11:27.001000Z</time>
        <extensions>
          <gpxtpx:TrackPointExtension>
            <gpxtpx:hr>184</gpxtpx:hr>
          </gpxtpx:TrackPointExtension>
        </extensions>
      </trkpt>
      <trkpt lat="35.661813213336785" lon="139.780968210395">
        <ele>4.130719549022615</ele>
        <time>2025-08-11T12:11:31.001000Z</time>
      </trkpt>
      <trkpt lat="35.66189466020679" lon="139.78103603571594">
        <ele>4.556853447109461</ele>
        <time>2025-08-11T12:11:36.001000Z</time>
        <extensions>
          <gpxtpx:TrackPointExtension>
            <gpxtpx:hr>184</gpxtpx:hr>
          </gpxtpx:TrackPointExtension>
        </extensions>
      </trkpt>
      <trkpt lat="35.66195286524384" lon="139.7811549739364">
        <ele>4.406922386959195</ele>
        <time>2025-08-11T12:11:41.002000Z</time>
        <extensions>
          <gpxtpx:TrackPointExtension>
            <gpxtpx:hr>184</gpxtpx:hr>
          </gpxtpx:TrackPointExtension>
        </extensions>
      </trkpt>
      <trkpt lat="35.66203076976132" lon="139.78126561283477">
        <ele>5.522786001674831</ele>
        <time>2025-08-11T12:11:47.002000Z</time>
        <extensions>
          <gpxtpx:TrackPointExtension>
            <gpxtpx:hr>184</gpxtpx:hr>
          </gpxtpx:TrackPointExtension>
        </extensions>
      </trkpt>
      <trkpt lat="35.66208012391436" lon="139.78137517836782">
        <ele>6.45014638453722</ele>
        <time>2025-08-11T12:11:51.002000Z</time>
        <extensions>
          <gpxtpx:TrackPointExtension>
            <gpxtpx:hr>184</gpxtpx:hr>
          </gpxtpx:TrackPointExtension>
        </extensions>
      </trkpt>
      <trkpt lat="35.66213099687036" lon="139.78149525171025">
        <ele>4.391123680397868</ele>
        <time>2025-08-11T12:11:56.002000Z</time>
        <extensions>
          <gpxtpx:TrackPointExtension>
            <gpxtpx:hr>184</gpxtpx:hr>
          </gpxtpx:TrackPointExtension>
        </extensions>
      </trkpt>
      <trkpt lat="35.66221717142005" lon="139.78157849639092">
        <ele>3.5160409081727266</ele>
        <time>2025-08-11T12:12:01.002000Z</time>
      </trkpt>
      <trkpt lat="35.66231060941417" lon="139.7816463379459">
        <ele>4.104560310952365</ele>
        <time>2025-08-11T12:12:06.002000Z</time>
        <extensions>
          <gpxtpx:TrackPointExtension>
            <gpxtpx:hr>184</gpxtpx:hr>
          </gpxtpx:TrackPointExtension>
        </extensions>
      </trkpt>
      <trkpt lat="35.66237829790883" lon="139.78174964696677">
        <ele>3.8635626221075654</ele>
        <time>2025-08-11T12:12:11.002000Z</time>
        <extensions>
          <gpxtpx:TrackPointExtension>
            <gpxtpx:hr>183</gpxtpx:hr>
          </gpxtpx:TrackPointExtension>
        </extensions>
      </trkpt>
      <trkpt lat="35.662421719879454" lon="139.78185196976548">
        <ele>4.10300066228956</ele>
        <time>2025-08-11T12:12:15.002000Z</time>
        <extensions>
          <gpxtpx:TrackPointExtension>
            <gpxtpx:hr>184</gpxtpx:hr>
          </gpxtpx:TrackPointExtension>
        </extensions>
      </trkpt>
      <trkpt lat="35.66247454903994" lon="139.78194561004082">
        <ele>3.3051708238199353</ele>
        <time>2025-08-11T12:12:20.002000Z</time>
        <extensions>
          <gpxtpx:TrackPointExtension>
            <gpxtpx:hr>184</gpxtpx:hr>
          </gpxtpx:TrackPointExtension>
        </extensions>
      </trkpt>
      <trkpt lat="35.662549105809234" lon="139.7820091145364">
        <ele>3.589511275291443</ele>
        <time>2025-08-11T12:12:24.002000Z</time>
        <extensions>
          <gpxtpx:TrackPointExtension>
            <gpxtpx:hr>185</gpxtpx:hr>
          </gpxtpx:TrackPointExtension>
        </extensions>
      </trkpt>
      <trkpt lat="35.662616957985854" lon="139.78209581771375">
        <ele>3.8101265588775277</ele>
        <time>2025-08-11T12:12:28.002000Z</time>
        <extensions>
          <gpxtpx:TrackPointExtension>
            <gpxtpx:hr>186</gpxtpx:hr>
          </gpxtpx:TrackPointExtension>
        </extensions>
      </trkpt>
      <trkpt lat="35.66266229099894" lon="139.78219994718836">
        <ele>4.17585261631757</ele>
        <time>2025-08-11T12:12:32.002000Z</time>
      </trkpt>
      <trkpt lat="35.66272786354886" lon="139.78227822547214">
        <ele>4.010126183740795</ele>
        <time>2025-08-11T12:12:36.002000Z</time>
        <extensions>
          <gpxtpx:TrackPointExtension>
            <gpxtpx:hr>186</gpxtpx:hr>
          </gpxtpx:TrackPointExtension>
        </extensions>
      </trkpt>
      <trkpt lat="35.662806231513784" lon="139.78234565659892">
        <ele>4.16078791487962</ele>
        <time>2025-08-11T12:12:41.003000Z</time>
      </trkpt>
      <trkpt lat="35.66325853040697" lon="139.7829055560588">
        <ele>3.8701216857880354</ele>
        <time>2025-08-11T12:19:34.999000Z</time>
        <extensions>
          <gpxtpx:TrackPointExtension>
            <gpxtpx:hr>147</gpxtpx:hr>
          </gpxtpx:TrackPointExtension>
        </extensions>
      </trkpt>
      <trkpt lat="35.6633025828961" lon="139.78302188299205">
        <ele>5.645787123590708</ele>
        <time>2025-08-11T12:19:40Z</time>
      </trkpt>
      <trkpt lat="35.66337493302706" lon="139.78309994053745">
        <ele>4.299505139701068</ele>
        <time>2025-08-11T12:19:44Z</time>
        <extensions>
          <gpxtpx:TrackPointExtension>
            <gpxtpx:hr>153</gpxtpx:hr>
          </gpxtpx:TrackPointExtension>
        </extensions>
      </trkpt>
      <trkpt lat="35.663456303960324" lon="139.78320163103703">
        <ele>5.062341415323317</ele>
        <time>2025-08-11T12:19:49Z</time>
        <extensions>
          <gpxtpx:TrackPointExtension>
            <gpxtpx:hr>154</gpxtpx:hr>
          </gpxtpx:TrackPointExtension>
        </extensions>
      </trkpt>
      <trkpt lat="35.66352643301426" lon="139.78328827326496">
        <ele>5.5892732394859195</ele>
        <time>2025-08-11T12:19:52Z</time>
        <extensions>
          <gpxtpx:TrackPointExtension>
            <gpxtpx:hr>158</gpxtpx:hr>
          </gpxtpx:TrackPointExtension>
        </extensions>
      </trkpt>
      <trkpt lat="35.663600028634114" lon="139.78336443710998">
        <ele>5.257178435102105</ele>
        <time>2025-08-11T12:19:56Z</time>
      </trkpt>
      <trkpt lat="35.66367526193171" lon="139.78345106103268">
        <ele>4.654203646816313</ele>
        <time>2025-08-11T12:20:01Z</time>
        <extensions>
          <gpxtpx:TrackPointExtension>
            <gpxtpx:hr>159</gpxtpx:hr>
          </gpxtpx:TrackPointExtension>
        </extensions>
      </trkpt>
      <trkpt lat="35.66375489416518" lon="139.78354166119766">
        <ele>4.816013146191835</ele>
        <time>2025-08-11T12:20:06Z</time>
        <extensions>
          <gpxtpx:TrackPointExtension>
            <gpxtpx:hr>160</gpxtpx:hr>
          </gpxtpx:TrackPointExtension>
        </extensions>
      </trkpt>
      <trkpt lat="35.66381898913383" lon="139.7836408586517">
        <ele>5.453765111044049</ele>
        <time>2025-08-11T12:20:11Z</time>
      </trkpt>
      <trkpt lat="35.66389507906489" lon="139.7837459031503">
        <ele>5.791738597676158</ele>
        <time>2025-08-11T12:20:16.001000Z</time>
        <extensions>
          <gpxtpx:TrackPointExtension>
            <gpxtpx:hr>160</gpxtpx:hr>
          </gpxtpx:TrackPointExtension>
        </extensions>
      </trkpt>
      <trkpt lat="35.663962864276904" lon="139.7838441818739">
        <ele>4.5335102109238505</ele>
        <time>2025-08-11T12:20:22.001000Z</time>
        <extensions>
          <gpxtpx:TrackPointExtension>
            <gpxtpx:hr>165</gpxtpx:hr>
          </gpxtpx:TrackPointExtension>
        </extensions>
      </trkpt>
      <trkpt lat="35.66402360177063" lon="139.78394828891348">
        <ele>4.768540862947702</ele>
        <time>2025-08-11T12:20:27.001000Z</time>
        <extensions>
          <gpxtpx:TrackPointExtension>
            <gpxtpx:hr>166</gpxtpx:hr>
          </gpxtpx:TrackPointExtension>
        </extensions>
      </trkpt>
      <trkpt lat="35.664077598148296" lon="139.78404460146325">
        <ele>4.139375544153154</ele>
        <time>2025-08-11T12:20:32.001000Z</time>
        <extensions>
          <gpxtpx:TrackPointExtension>
            <gpxtpx:hr>168</gpxtpx:hr>
          </gpxtpx:TrackPointExtension>
        </extensions>
      </trkpt>
      <trkpt lat="35.66416095091017" lon="139.78413388964992">
        <ele>3.4649502532556653</ele>
        <time>2025-08-11T12:20:36.001000Z</time>
      </trkpt>
      <trkpt lat="35.66423675346818" lon="139.7842359591222">
        <ele>4.724977146834135</ele>
        <time>2025-08-11T12:20:41.001000Z</time>
        <extensions>
          <gpxtpx:TrackPointExtension>
            <gpxtpx:hr>171</gpxtpx:hr>
          </gpxtpx:TrackPointExtension>
        </extensions>
      </trkpt>
      <trkpt lat="35.66428499049603" lon="139.7843353264276">
        <ele>5.759499618783593</ele>
        <time>2025-08-11T12:20:45.001000Z</time>
        <extensions>
          <gpxtpx:TrackPointExtension>
            <gpxtpx:hr>171</gpxtpx:hr>
          </gpxtpx:TrackPointExtension>
        </extensions>
      </trkpt>
      <trkpt lat="35.66435630357344" lon="139.7844112766013">
        <ele>6.85685792285949</ele>
        <time>2025-08-11T12:20:49.001000Z</time>
      </trkpt>
      <trkpt lat="35.66439396166043" lon="139.78453408692286">
        <ele>6.060591294430196</ele>
        <time>2025-08-11T12:20:53.001000Z</time>
      </trkpt>
      <trkpt lat="35.66448271509703" lon="139.7845837000998">
        <ele>6.647460861131549</ele>
        <time>2025-08-11T12:21:00.002000Z</time>
        <extensions>
          <gpxtpx:TrackPointExtension>
            <gpxtpx:hr>171</gpxtpx:hr>
          </gpxtpx:TrackPointExtension>
        </extensions>
      </trkpt>
      <trkpt lat="35.66458226414341" lon="139.78464587152914">
        <ele>7.221113254316151</ele>
        <time>2025-08-11T12:21:03.002000Z</time>
      </trkpt>
      <trkpt lat="35.66472089902294" lon="139.78478986112987">
        <ele>6.830145226791501</ele>
        <time>2025-08-11T12:22:37.001000Z</time>
        <extensions>
          <gpxtpx:TrackPointExtension>
            <gpxtpx:hr>158</gpxtpx:hr>
          </gpxtpx:TrackPointExtension>
        </extensions>
      </trkpt>
      <trkpt lat="35.66481236938564" lon="139.78475547974583">
        <ele>7.1292859595268965</ele>
        <time>2025-08-11T12:22:40.001000Z</time>
      </trkpt>
      <trkpt lat="35.66487637332997" lon="139.78464623061228">
        <ele>7.3258454985916615</ele>
        <time>2025-08-11T12:22:44.001000Z</time>
        <extensions>
          <gpxtpx:TrackPointExtension>
            <gpxtpx:hr>156</gpxtpx:hr>
          </gpxtpx:TrackPointExtension>
        </extensions>
      </trkpt>
      <trkpt lat="35.66495907016594" lon="139.78455772086724">
        <ele>7.07526808232069</ele>
        <time>2025-08-11T12:22:48.002000Z</time>
        <extensions>
          <gpxtpx:TrackPointExtension>
            <gpxtpx:hr>158</gpxtpx:hr>
          </gpxtpx:TrackPointExtension>
        </extensions>
      </trkpt>
      <trkpt lat="35.66504094097509" lon="139.78445166900931">
        <ele>6.580462369136512</ele>
        <time>2025-08-11T12:22:53.002000Z</time>
        <extensions>
          <gpxtpx:TrackPointExtension>
            <gpxtpx:hr>160</gpxtpx:hr>
          </gpxtpx:TrackPointExtension>
        </extensions>
      </trkpt>
      <trkpt lat="35.66512296577053" lon="139.78437905722856">
        <ele>6.518314857035875</ele>
        <time>2025-08-11T12:22:57.002000Z</time>
        <extensions>
          <gpxtpx:TrackPointExtension>
            <gpxtpx:hr>160</gpxtpx:hr>
          </gpxtpx:TrackPointExtension>
        </extensions>
      </trkpt>
      <trkpt lat="35.66521718720111" lon="139.78431897980192">
        <ele>6.972184621728957</ele>
        <time>2025-08-11T12:23:02.002000Z</time>
      </trkpt>
      <trkpt lat="35.66529931929129" lon="139.78422346782784">
        <ele>6.828396801836789</ele>
        <time>2025-08-11T12:23:07.002000Z</time>
        <extensions>
          <gpxtpx:TrackPointExtension>
            <gpxtpx:hr>162</gpxtpx:hr>
          </gpxtpx:TrackPointExtension>
        </extensions>
      </trkpt>
      <trkpt lat="35.665360076368216" lon="139.78412886517393">
        <ele>5.792697278782725</ele>
        <time>2025-08-11T12:23:12.002000Z</time>
        <extensions>
          <gpxtpx:TrackPointExtension>
            <gpxtpx:hr>165</gpxtpx:hr>
          </gpxtpx:TrackPointExtension>
        </extensions>
      </trkpt>
      <trkpt lat="35.66532704610429" lon="139.7840113429482">
        <ele>6.4847209714353085</ele>
        <time>2025-08-11T12:24:14.001000Z</time>
        <extensions>
          <gpxtpx:TrackPointExtension>
            <gpxtpx:hr>162</gpxtpx:hr>
          </gpxtpx:TrackPointExtension>
        </extensions>
      </trkpt>
      <trkpt lat="35.66519139260306" lon="139.7836959339276">
        <ele>7.239357786253095</ele>
        <time>2025-08-11T12:25:19.003000Z</time>
        <extensions>
          <gpxtpx:TrackPointExtension>
            <gpxtpx:hr>159</gpxtpx:hr>
          </gpxtpx:TrackPointExtension>
        </extensions>
      </trkpt>
      <trkpt lat="35.66528477969159" lon="139.78363600953838">
        <ele>7.212309169583023</ele>
        <time>2025-08-11T12:25:23.001000Z</time>
      </trkpt>
      <trkpt lat="35.66537710651232" lon="139.7835968248217">
        <ele>7.509790543466806</ele>
        <time>2025-08-11T12:25:28.001000Z</time>
        <extensions>
          <gpxtpx:TrackPointExtension>
            <gpxtpx:hr>157</gpxtpx:hr>
          </gpxtpx:TrackPointExtension>
        </extensions>
      </trkpt>
      <trkpt lat="35.66545937124899" lon="139.78351941091623">
        <ele>7.3434226680547</ele>
        <time>2025-08-11T12:25:32.001000Z</time>
        <extensions>
          <gpxtpx:TrackPointExtension>
            <gpxtpx:hr>156</gpxtpx:hr>
          </gpxtpx:TrackPointExtension>
        </extensions>
      </trkpt>
      <trkpt lat="35.66553485565535" lon="139.78341339334173">
        <ele>7.312999222427607</ele>
        <time>2025-08-11T12:25:36.001000Z</time>
      </trkpt>
      <trkpt lat="35.66561987154501" lon="139.78333207415994">
        <ele>7.089675538241863</ele>
        <time>2025-08-11T12:25:41.001000Z</time>
        <extensions>
          <gpxtpx:TrackPointExtension>
            <gpxtpx:hr>157</gpxtpx:hr>
          </gpxtpx:TrackPointExtension>
        </extensions>
      </trkpt>
      <trkpt lat="35.66569247926469" lon="139.78323492356813">
        <ele>7.097000542096794</ele>
        <time>2025-08-11T12:25:46.001000Z</time>
        <extensions>
          <gpxtpx:TrackPointExtension>
            <gpxtpx:hr>160</gpxtpx:hr>
          </gpxtpx:TrackPointExtension>
        </extensions>
      </trkpt>
      <trkpt lat="35.66575506391835" lon="139.78314193283214">
        <ele>6.344931962899864</ele>
        <time>2025-08-11T12:25:51.001000Z</time>
        <extensions>
          <gpxtpx:TrackPointExtension>
            <gpxtpx:hr>164</gpxtpx:hr>
          </gpxtpx:TrackPointExtension>
        </extensions>
      </trkpt>
      <trkpt lat="35.6658360131194" lon="139.78307205443673">
        <ele>7.37774368468672</ele>
        <time>2025-08-11T12:25:57.001000Z</time>
      </trkpt>
      <trkpt lat="35.66591625166047" lon="139.78300669547866">
        <ele>6.910970065742731</ele>
        <time>2025-08-11T12:26:01.001000Z</time>
        <extensions>
          <gpxtpx:TrackPointExtension>
            <gpxtpx:hr>168</gpxtpx:hr>
          </gpxtpx:TrackPointExtension>
        </extensions>
      </trkpt>
      <trkpt lat="35.665992927460934" lon="139.7829381920807">
        <ele>7.7125046802684665</ele>
        <time>2025-08-11T12:26:05.001000Z</time>
        <extensions>
          <gpxtpx:TrackPointExtension>
            <gpxtpx:hr>172</gpxtpx:hr>
          </gpxtpx:TrackPointExtension>
        </extensions>
      </trkpt>
      <trkpt lat="35.66604481805911" lon="139.78282337788448">
        <ele>7.635321503505111</ele>
        <time>2025-08-11T12:26:10.001000Z</time>
        <extensions>
          <gpxtpx:TrackPointExtension>
            <gpxtpx:hr>174</gpxtpx:hr>
          </gpxtpx:TrackPointExtension>
        </extensions>
      </trkpt>
      <trkpt lat="35.66612549119469" lon="139.78274889088965">
        <ele>7.203384045511484</ele>
        <time>2025-08-11T12:26:14.001000Z</time>
      </trkpt>
      <trkpt lat="35.66617636782271" lon="139.78265101319624">
        <ele>7.002791818231344</ele>
        <time>2025-08-11T12:26:18.001000Z</time>
        <extensions>
          <gpxtpx:TrackPointExtension>
            <gpxtpx:hr>175</gpxtpx:hr>
          </gpxtpx:TrackPointExtension>
        </extensions>
      </trkpt>
      <trkpt lat="35.66626260413481" lon="139.7825918319058">
        <ele>6.404241908341646</ele>
        <time>2025-08-11T12:26:22.001000Z</time>
        <extensions>
          <gpxtpx:TrackPointExtension>
            <gpxtpx:hr>176</gpxtpx:hr>
          </gpxtpx:TrackPointExtension>
        </extensions>
      </trkpt>
      <trkpt lat="35.666337195503225" lon="139.78251594675285">
        <ele>6.681356427259743</ele>
        <time>2025-08-11T12:26:26.001000Z</time>
      </trkpt>
      <trkpt lat="35.666420033536006" lon="139.78243957957355">
        <ele>7.247149907052517</ele>
        <time>2025-08-11T12:26:30.001000Z</time>
        <extensions>
          <gpxtpx:TrackPointExtension>
            <gpxtpx:hr>179</gpxtpx:hr>
          </gpxtpx:TrackPointExtension>
        </extensions>
      </trkpt>
      <trkpt lat="35.666505828232296" lon="139.78235334734623">
        <ele>7.988873777911067</ele>
        <time>2025-08-11T12:26:35.002000Z</time>
        <extensions>
          <gpxtpx:TrackPointExtension>
            <gpxtpx:hr>181</gpxtpx:hr>
          </gpxtpx:TrackPointExtension>
        </extensions>
      </trkpt>
      <trkpt lat="35.66655390002669" lon="139.78224303401467">
        <ele>7.806448399089277</ele>
        <time>2025-08-11T12:26:40.002000Z</time>
      </trkpt>
      <trkpt lat="35.666641165569175" lon="139.7821759528548">
        <ele>7.972334251739085</ele>
        <time>2025-08-11T12:26:43.002000Z</time>
      </trkpt>
      <trkpt lat="35.66673158287508" lon="139.782102060217">
        <ele>7.427796917036176</ele>
        <time>2025-08-11T12:26:48.002000Z</time>
        <extensions>
          <gpxtpx:TrackPointExtension>
            <gpxtpx:hr>182</gpxtpx:hr>
          </gpxtpx:TrackPointExtension>
        </extensions>
      </trkpt>
      <trkpt lat="35.66682078553547" lon="139.78204291247494">
        <ele>7.043721863999963</ele>
        <time>2025-08-11T12:26:52.002000Z</time>
        <extensions>
          <gpxtpx:TrackPointExtension>
            <gpxtpx:hr>182</gpxtpx:hr>
          </gpxtpx:TrackPointExtension>
        </extensions>
      </trkpt>
      <trkpt lat="35.66690228235232" lon="139.78195989587618">
        <ele>7.542176985181868</ele>
        <time>2025-08-11T12:26:57.002000Z</time>
      </trkpt>
      <trkpt lat="35.66697140864268" lon="139.781884391568">
        <ele>8.679304723627865</ele>
        <time>2025-08-11T12:27:01.002000Z</time>
        <extensions>
          <gpxtpx:TrackPointExtension>
            <gpxtpx:hr>182</gpxtpx:hr>
          </gpxtpx:TrackPointExtension>
        </extensions>
      </trkpt>
      <trkpt lat="35.6670526446436" lon="139.78180660472142">
        <ele>7.924622440710664</ele>
        <time>2025-08-11T12:27:06.002000Z</time>
      </trkpt>
      <trkpt lat="35.6671265943465" lon="139.78171539758588">
        <ele>8.048876268789172</ele>
        <time>2025-08-11T12:27:11.002000Z</time>
        <extensions>
          <gpxtpx:TrackPointExtension>
            <gpxtpx:hr>182</gpxtpx:hr>
          </gpxtpx:TrackPointExtension>
        </extensions>
      </trkpt>
      <trkpt lat="35.66720350566748" lon="139.78163084411923">
        <ele>9.043126987293363</ele>
        <time>2025-08-11T12:27:16.003000Z</time>
        <extensions>
          <gpxtpx:TrackPointExtension>
            <gpxtpx:hr>182</gpxtpx:hr>
          </gpxtpx:TrackPointExtension>
        </extensions>
      </trkpt>
      <trkpt lat="35.667289346824276" lon="139.78154477728162">
        <ele>7.6768444096669555</ele>
        <time>2025-08-11T12:27:21.003000Z</time>
      </trkpt>
      <trkpt lat="35.66737321551093" lon="139.78144669469657">
        <ele>9.078644677996635</ele>
        <time>2025-08-11T12:27:26.003000Z</time>
        <extensions>
          <gpxtpx:TrackPointExtension>
            <gpxtpx:hr>183</gpxtpx:hr>
          </gpxtpx:TrackPointExtension>
        </extensions>
      </trkpt>
      <trkpt lat="35.667461446411984" lon="139.78138348225315">
        <ele>7.785690858960152</ele>
        <time>2025-08-11T12:27:31.001000Z</time>
      </trkpt>
      <trkpt lat="35.66753148923419" lon="139.78129934471622">
        <ele>9.107433261349797</ele>
        <time>2025-08-11T12:27:35.001000Z</time>
        <extensions>
          <gpxtpx:TrackPointExtension>
            <gpxtpx:hr>183</gpxtpx:hr>
          </gpxtpx:TrackPointExtension>
        </extensions>
      </trkpt>
      <trkpt lat="35.66760874231627" lon="139.7812125055673">
        <ele>7.4495204873383045</ele>
        <time>2025-08-11T12:27:40.001000Z</time>
      </trkpt>
      <trkpt lat="35.66768020339505" lon="139.78110632398943">
        <ele>8.642967339605093</ele>
        <time>2025-08-11T12:27:45.001000Z</time>
        <extensions>
          <gpxtpx:TrackPointExtension>
            <gpxtpx:hr>182</gpxtpx:hr>
          </gpxtpx:TrackPointExtension>
        </extensions>
      </trkpt>
      <trkpt lat="35.66775315042698" lon="139.7810325883468">
        <ele>9.00440669618547</ele>
        <time>2025-08-11T12:27:49.001000Z</time>
      </trkpt>
      <trkpt lat="35.66782356446888" lon="139.78096278692811">
        <ele>8.599780220538378</ele>
        <time>2025-08-11T12:27:53.001000Z</time>
        <extensions>
          <gpxtpx:TrackPointExtension>
            <gpxtpx:hr>182</gpxtpx:hr>
          </gpxtpx:TrackPointExtension>
        </extensions>
      </trkpt>
      <trkpt lat="35.6678947903" lon="139.78088138860306">
        <ele>9.286799707449973</ele>
        <time>2025-08-11T12:27:57.001000Z</time>
      </trkpt>
      <trkpt lat="35.66796935380026" lon="139.78079452204477">
        <ele>8.151964104734361</ele>
        <time>2025-08-11T12:28:02.001000Z</time>
        <extensions>
          <gpxtpx:TrackPointExtension>
            <gpxtpx:hr>182</gpxtpx:hr>
          </gpxtpx:TrackPointExtension>
        </extensions>
      </trkpt>
      <trkpt lat="35.66804180555465" lon="139.78069562033272">
        <ele>8.693507449701428</ele>
        <time>2025-08-11T12:28:07.001000Z</time>
        <extensions>
          <gpxtpx:TrackPointExtension>
            <gpxtpx:hr>181</gpxtpx:hr>
          </gpxtpx:TrackPointExtension>
        </extensions>
      </trkpt>
      <trkpt lat="35.668119853666724" lon="139.7806195824368">
        <ele>9.662173171527684</ele>
        <time>2025-08-11T12:28:12.001000Z</time>
        <extensions>
          <gpxtpx:TrackPointExtension>
            <gpxtpx:hr>182</gpxtpx:hr>
          </gpxtpx:TrackPointExtension>
        </extensions>
      </trkpt>
      <trkpt lat="35.66818067760306" lon="139.7805362522378">
        <ele>10.01891750190407</ele>
        <time>2025-08-11T12:28:16.001000Z</time>
      </trkpt>
      <trkpt lat="35.66827010585729" lon="139.78044776957114">
        <ele>8.430893712677062</ele>
        <time>2025-08-11T12:28:21.001000Z</time>
        <extensions>
          <gpxtpx:TrackPointExtension>
            <gpxtpx:hr>181</gpxtpx:hr>
          </gpxtpx:TrackPointExtension>
        </extensions>
      </trkpt>
      <trkpt lat="35.66832893096483" lon="139.78034444630808">
        <ele>9.083446618169546</ele>
        <time>2025-08-11T12:28:27.001000Z</time>
        <extensions>
          <gpxtpx:TrackPointExtension>
            <gpxtpx:hr>181</gpxtpx:hr>
          </gpxtpx:TrackPointExtension>
        </extensions>
      </trkpt>
      <trkpt lat="35.668431776560475" lon="139.78025220465034">
        <ele>8.587729530408978</ele>
        <time>2025-08-11T12:28:32.001000Z</time>
        <extensions>
          <gpxtpx:TrackPointExtension>
            <gpxtpx:hr>181</gpxtpx:hr>
          </gpxtpx:TrackPointExtension>
        </extensions>
      </trkpt>
      <trkpt lat="35.66847294992145" lon="139.78014242108432">
        <ele>9.773572996258736</ele>
        <time>2025-08-11T12:28:37.002000Z</time>
        <extensions>
          <gpxtpx:TrackPointExtension>
            <gpxtpx:hr>180</gpxtpx:hr>
          </gpxtpx:TrackPointExtension>
        </extensions>
      </trkpt>
      <trkpt lat="35.66838364630999" lon="139.78007750398962">
        <ele>8.048156765289605</ele>
        <time>2025-08-11T12:28:42.002000Z</time>
        <extensions>
          <gpxtpx:TrackPointExtension>
            <gpxtpx:hr>180</gpxtpx:hr>
          </gpxtpx:TrackPointExtension>
        </extensions>
      </trkpt>
      <trkpt lat="35.66829225081857" lon="139.7800298930411">
        <ele>8.584961424581707</ele>
        <time>2025-08-11T12:28:47.002000Z</time>
        <extensions>
          <gpxtpx:TrackPointExtension>
            <gpxtpx:hr>180</gpxtpx:hr>
          </gpxtpx:TrackPointExtension>
        </extensions>
      </trkpt>
      <trkpt lat="35.66819463592691" lon="139.7800050702214">
        <ele>7.899516914971173</ele>
        <time>2025-08-11T12:28:52.002000Z</time>
        <extensions>
          <gpxtpx:TrackPointExtension>
            <gpxtpx:hr>180</gpxtpx:hr>
          </gpxtpx:TrackPointExtension>
        </extensions>
      </trkpt>
      <trkpt lat="35.66809858193412" lon="139.77995360266283">
        <ele>7.6024078987538815</ele>
        <time>2025-08-11T12:28:56.002000Z</time>
      </trkpt>
      <trkpt lat="35.668014654939796" lon="139.77991297839122">
        <ele>7.9100183779373765</ele>
        <time>2025-08-11T12:29:00.002000Z</time>
        <extensions>
          <gpxtpx:TrackPointExtension>
            <gpxtpx:hr>179</gpxtpx:hr>
          </gpxtpx:TrackPointExtension>
        </extensions>
      </trkpt>
      <trkpt lat="35.66793262387558" lon="139.77984526534294">
        <ele>7.023077447898686</ele>
        <time>2025-08-11T12:29:04.002000Z</time>
      </trkpt>
      <trkpt lat="35.66781970411038" lon="139.77981142425486">
        <ele>7.749695411883295</ele>
        <time>2025-08-11T12:29:08.002000Z</time>
        <extensions>
          <gpxtpx:TrackPointExtension>
            <gpxtpx:hr>178</gpxtpx:hr>
          </gpxtpx:TrackPointExtension>
        </extensions>
      </trkpt>
      <trkpt lat="35.667908154697564" lon="139.77990285880745">
        <ele>7.106180691160262</ele>
        <time>2025-08-11T12:29:14.002000Z</time>
        <extensions>
          <gpxtpx:TrackPointExtension>
            <gpxtpx:hr>179</gpxtpx:hr>
          </gpxtpx:TrackPointExtension>
        </extensions>
      </trkpt>
      <trkpt lat="35.66800809543239" lon="139.7799297926036">
        <ele>6.7355651604011655</ele>
        <time>2025-08-11T12:29:18.003000Z</time>
        <extensions>
          <gpxtpx:TrackPointExtension>
            <gpxtpx:hr>179</gpxtpx:hr>
          </gpxtpx:TrackPointExtension>
        </extensions>
      </trkpt>
      <trkpt lat="35.668098656321185" lon="139.7799655435848">
        <ele>6.80251854006201</ele>
        <time>2025-08-11T12:29:22.003000Z</time>
      </trkpt>
      <trkpt lat="35.66817821298039" lon="139.78002395033207">
        <ele>5.552012776955962</ele>
        <time>2025-08-11T12:29:25.003000Z</time>
        <extensions>
          <gpxtpx:TrackPointExtension>
            <gpxtpx:hr>179</gpxtpx:hr>
          </gpxtpx:TrackPointExtension>
        </extensions>
      </trkpt>
      <trkpt lat="35.66827698654997" lon="139.78009666002544">
        <ele>5.35191912855953</ele>
        <time>2025-08-11T12:29:29.003000Z</time>
        <extensions>
          <gpxtpx:TrackPointExtension>
            <gpxtpx:hr>177</gpxtpx:hr>
          </gpxtpx:TrackPointExtension>
        </extensions>
      </trkpt>
      <trkpt lat="35.66838436302157" lon="139.7800607273438">
        <ele>6.618291481398046</ele>
        <time>2025-08-11T12:29:34.001000Z</time>
        <extensions>
          <gpxtpx:TrackPointExtension>
            <gpxtpx:hr>177</gpxtpx:hr>
          </gpxtpx:TrackPointExtension>
        </extensions>
      </trkpt>
      <trkpt lat="35.66847022774293" lon="139.78009786422112">
        <ele>6.29284324683249</ele>
        <time>2025-08-11T12:29:38.001000Z</time>
        <extensions>
          <gpxtpx:TrackPointExtension>
            <gpxtpx:hr>177</gpxtpx:hr>
          </gpxtpx:TrackPointExtension>
        </extensions>
      </trkpt>
      <trkpt lat="35.668550562217284" lon="139.7800458936556">
        <ele>8.018104275688529</ele>
        <time>2025-08-11T12:29:43.001000Z</time>
        <extensions>
          <gpxtpx:TrackPointExtension>
            <gpxtpx:hr>178</gpxtpx:hr>
          </gpxtpx:TrackPointExtension>
        </extensions>
      </trkpt>
      <trkpt lat="35.66862665040212" lon="139.77996965509084">
        <ele>7.548962900415063</ele>
        <time>2025-08-11T12:29:46.001000Z</time>
        <extensions>
          <gpxtpx:TrackPointExtension>
            <gpxtpx:hr>177</gpxtpx:hr>
          </gpxtpx:TrackPointExtension>
        </extensions>
      </trkpt>
      <trkpt lat="35.66868476606223" lon="139.7798775686065">
        <ele>7.40595471393317</ele>
        <time>2025-08-11T12:29:50.001000Z</time>
      </trkpt>
      <trkpt lat="35.66873724613366" lon="139.779783127729">
        <ele>7.853645930066705</ele>
        <time>2025-08-11T12:29:55.001000Z</time>
        <extensions>
          <gpxtpx:TrackPointExtension>
            <gpxtpx:hr>178</gpxtpx:hr>
          </gpxtpx:TrackPointExtension>
        </extensions>
      </trkpt>
      <trkpt lat="35.668752106200344" lon="139.77966688141052">
        <ele>7.214725747704506</ele>
        <time>2025-08-11T12:29:58.001000Z</time>
      </trkpt>
      <trkpt lat="35.668785172965826" lon="139.77954956042564">
        <ele>8.567943879403174</ele>
        <time>2025-08-11T12:30:02.001000Z</time>
        <extensions>
          <gpxtpx:TrackPointExtension>
            <gpxtpx:hr>177</gpxtpx:hr>
          </gpxtpx:TrackPointExtension>
        </extensions>
      </trkpt>
      <trkpt lat="35.668833871004686" lon="139.7794480392481">
        <ele>8.039390468969941</ele>
        <time>2025-08-11T12:30:06.001000Z</time>
        <extensions>
          <gpxtpx:TrackPointExtension>
            <gpxtpx:hr>177</gpxtpx:hr>
          </gpxtpx:TrackPointExtension>
        </extensions>
      </trkpt>
      <trkpt lat="35.668892338629384" lon="139.77936123077467">
        <ele>7.803709366358817</ele>
        <time>2025-08-11T12:30:10.001000Z</time>
      </trkpt>
      <trkpt lat="35.66890794761467" lon="139.77923049320006">
        <ele>7.233395992778242</ele>
        <time>2025-08-11T12:30:15.001000Z</time>
        <extensions>
          <gpxtpx:TrackPointExtension>
            <gpxtpx:hr>178</gpxtpx:hr>
          </gpxtpx:TrackPointExtension>
        </extensions>
      </trkpt>
      <trkpt lat="35.66896354383477" lon="139.77913384656983">
        <ele>7.386149814352393</ele>
        <time>2025-08-11T12:30:19.001000Z</time>
        <extensions>
          <gpxtpx:TrackPointExtension>
            <gpxtpx:hr>178</gpxtpx:hr>
          </gpxtpx:TrackPointExtension>
        </extensions>
      </trkpt>
      <trkpt lat="35.66903033929235" lon="139.77901755872196">
        <ele>7.730908491648734</ele>
        <time>2025-08-11T12:30:24.001000Z</time>
        <extensions>
          <gpxtpx:TrackPointExtension>
            <gpxtpx:hr>178</gpxtpx:hr>
          </gpxtpx:TrackPointExtension>
        </extensions>
      </trkpt>
      <trkpt lat="35.669029632155734" lon="139.77889740882276">
        <ele>7.2719283401966095</ele>
        <time>2025-08-11T12:30:29.001000Z</time>
        <extensions>
          <gpxtpx:TrackPointExtension>
            <gpxtpx:hr>179</gpxtpx:hr>
          </gpxtpx:TrackPointExtension>
        </extensions>
      </trkpt>
      <trkpt lat="35.66894472201827" lon="139.77894072748535">
        <ele>6.364598759450018</ele>
        <time>2025-08-11T12:30:33.001000Z</time>
        <extensions>
          <gpxtpx:TrackPointExtension>
            <gpxtpx:hr>178</gpxtpx:hr>
          </gpxtpx:TrackPointExtension>
        </extensions>
      </trkpt>
      <trkpt lat="35.66885317864399" lon="139.7788867902441">
        <ele>7.272347041405737</ele>
        <time>2025-08-11T12:30:37.001000Z</time>
        <extensions>
          <gpxtpx:TrackPointExtension>
            <gpxtpx:hr>179</gpxtpx:hr>
          </gpxtpx:TrackPointExtension>
        </extensions>
      </trkpt>
      <trkpt lat="35.66875483171942" lon="139.77885091243706">
        <ele>7.746330259367824</ele>
        <time>2025-08-11T12:30:41.001000Z</time>
        <extensions>
          <gpxtpx:TrackPointExtension>
            <gpxtpx:hr>178</gpxtpx:hr>
          </gpxtpx:TrackPointExtension>
        </extensions>
      </trkpt>
      <trkpt lat="35.668668843985905" lon="139.77881487617594">
        <ele>7.241230610758066</ele>
        <time>2025-08-11T12:30:45.002000Z</time>
      </trkpt>
      <trkpt lat="35.66857903817319" lon="139.77872850078353">
        <ele>7.604563411325216</ele>
        <time>2025-08-11T12:30:49.002000Z</time>
        <extensions>
          <gpxtpx:TrackPointExtension>
            <gpxtpx:hr>179</gpxtpx:hr>
          </gpxtpx:TrackPointExtension>
        </extensions>
      </trkpt>
      <trkpt lat="35.66848199736831" lon="139.77874358907133">
        <ele>7.475103372707963</ele>
        <time>2025-08-11T12:30:53.002000Z</time>
        <extensions>
          <gpxtpx:TrackPointExtension>
            <gpxtpx:hr>179</gpxtpx:hr>
          </gpxtpx:TrackPointExtension>
        </extensions>
      </trkpt>
      <trkpt lat="35.66837773049129" lon="139.7787335815217">
        <ele>7.377140071243048</ele>
        <time>2025-08-11T12:30:57.002000Z</time>
      </trkpt>
      <trkpt lat="35.6682945133356" lon="139.77867211536852">
        <ele>7.457506236620247</ele>
        <time>2025-08-11T12:31:01.002000Z</time>
        <extensions>
          <gpxtpx:TrackPointExtension>
            <gpxtpx:hr>179</gpxtpx:hr>
          </gpxtpx:TrackPointExtension>
        </extensions>
      </trkpt>
      <trkpt lat="35.668197597094604" lon="139.77864745708965">
        <ele>7.30074408929795</ele>
        <time>2025-08-11T12:31:06.002000Z</time>
        <extensions>
          <gpxtpx:TrackPointExtension>
            <gpxtpx:hr>179</gpxtpx:hr>
          </gpxtpx:TrackPointExtension>
        </extensions>
      </trkpt>
      <trkpt lat="35.66810468756474" lon="139.77856302992112">
        <ele>7.229909520596266</ele>
        <time>2025-08-11T12:31:11.002000Z</time>
        <extensions>
          <gpxtpx:TrackPointExtension>
            <gpxtpx:hr>180</gpxtpx:hr>
          </gpxtpx:TrackPointExtension>
        </extensions>
      </trkpt>
      <trkpt lat="35.66801194575034" lon="139.77851753117145">
        <ele>8.133229399099946</ele>
        <time>2025-08-11T12:31:16.002000Z</time>
        <extensions>
          <gpxtpx:TrackPointExtension>
            <gpxtpx:hr>180</gpxtpx:hr>
          </gpxtpx:TrackPointExtension>
        </extensions>
      </trkpt>
      <trkpt lat="35.667920767609054" lon="139.77846628370455">
        <ele>6.56583234295249</ele>
        <time>2025-08-11T12:31:20.002000Z</time>
        <extensions>
          <gpxtpx:TrackPointExtension>
            <gpxtpx:hr>181</gpxtpx:hr>
          </gpxtpx:TrackPointExtension>
        </extensions>
      </trkpt>
      <trkpt lat="35.667830842868966" lon="139.77850360391585">
        <ele>7.787031779997051</ele>
        <time>2025-08-11T12:31:23.002000Z</time>
      </trkpt>
      <trkpt lat="35.66771220239475" lon="139.77846430532847">
        <ele>5.728966294787824</ele>
        <time>2025-08-11T12:31:30.002000Z</time>
        <extensions>
          <gpxtpx:TrackPointExtension>
            <gpxtpx:hr>181</gpxtpx:hr>
          </gpxtpx:TrackPointExtension>
        </extensions>
      </trkpt>
      <trkpt lat="35.66716718073168" lon="139.77820756613417">
        <ele>6.6387855894863605</ele>
        <time>2025-08-11T12:32:30.001000Z</time>
        <extensions>
          <gpxtpx:TrackPointExtension>
            <gpxtpx:hr>170</gpxtpx:hr>
          </gpxtpx:TrackPointExtension>
        </extensions>
      </trkpt>
      <trkpt lat="35.66706702207687" lon="139.7782476717128">
        <ele>7.394654868170619</ele>
        <time>2025-08-11T12:32:33.001000Z</time>
      </trkpt>
      <trkpt lat="35.66697371430875" lon="139.7782389440263">
        <ele>7.170129691250622</ele>
        <time>2025-08-11T12:32:38.001000Z</time>
        <extensions>
          <gpxtpx:TrackPointExtension>
            <gpxtpx:hr>169</gpxtpx:hr>
          </gpxtpx:TrackPointExtension>
        </extensions>
      </trkpt>
      <trkpt lat="35.66687036070728" lon="139.77821949822842">
        <ele>7.753165486268699</ele>
        <time>2025-08-11T12:32:43.001000Z</time>
      </trkpt>
      <trkpt lat="35.66677829502535" lon="139.77820463581784">
        <ele>7.183846424333751</ele>
        <time>2025-08-11T12:32:48.001000Z</time>
        <extensions>
          <gpxtpx:TrackPointExtension>
            <gpxtpx:hr>172</gpxtpx:hr>
          </gpxtpx:TrackPointExtension>
        </extensions>
      </trkpt>
      <trkpt lat="35.666684294319154" lon="139.77816651073894">
        <ele>8.528700989671052</ele>
        <time>2025-08-11T12:32:53.001000Z</time>
        <extensions>
          <gpxtpx:TrackPointExtension>
            <gpxtpx:hr>172</gpxtpx:hr>
          </gpxtpx:TrackPointExtension>
        </extensions>
      </trkpt>
      <trkpt lat="35.666604575449306" lon="139.77810243110355">
        <ele>8.005073430016637</ele>
        <time>2025-08-11T12:32:58.002000Z</time>
      </trkpt>
      <trkpt lat="35.66651743721993" lon="139.7780565808018">
        <ele>7.926300697028637</ele>
        <time>2025-08-11T12:33:03.002000Z</time>
        <extensions>
          <gpxtpx:TrackPointExtension>
            <gpxtpx:hr>175</gpxtpx:hr>
          </gpxtpx:TrackPointExtension>
        </extensions>
      </trkpt>
      <trkpt lat="35.66641381471997" lon="139.77800261215498">
        <ele>6.393194694072008</ele>
        <time>2025-08-11T12:33:10.002000Z</time>
        <extensions>
          <gpxtpx:TrackPointExtension>
            <gpxtpx:hr>170</gpxtpx:hr>
          </gpxtpx:TrackPointExtension>
        </extensions>
      </trkpt>
      <trkpt lat="35.66635972573404" lon="139.77787692987107">
        <ele>7.332476942799985</ele>
        <time>2025-08-11T12:33:15.002000Z</time>
      </trkpt>
      <trkpt lat="35.66632577996731" lon="139.77776693347903">
        <ele>6.39192262571305</ele>
        <time>2025-08-11T12:33:18.002000Z</time>
        <extensions>
          <gpxtpx:TrackPointExtension>
            <gpxtpx:hr>171</gpxtpx:hr>
          </gpxtpx:TrackPointExtension>
        </extensions>
      </trkpt>
      <trkpt lat="35.66626723862225" lon="139.77767497996433">
        <ele>7.244633508846164</ele>
        <time>2025-08-11T12:33:22.002000Z</time>
      </trkpt>
      <trkpt lat="35.66617655795982" lon="139.7775981516467">
        <ele>7.426621065475047</ele>
        <time>2025-08-11T12:33:26.002000Z</time>
        <extensions>
          <gpxtpx:TrackPointExtension>
            <gpxtpx:hr>172</gpxtpx:hr>
          </gpxtpx:TrackPointExtension>
        </extensions>
      </trkpt>
      <trkpt lat="35.66611380403133" lon="139.7774968706944">
        <ele>7.070162285119295</ele>
        <time>2025-08-11T12:33:31.002000Z</time>
        <extensions>
          <gpxtpx:TrackPointExtension>
            <gpxtpx:hr>173</gpxtpx:hr>
          </gpxtpx:TrackPointExtension>
        </extensions>
      </trkpt>
      <trkpt lat="35.66607397689339" lon="139.77738462364596">
        <ele>8.992237384431064</ele>
        <time>2025-08-11T12:33:35.002000Z</time>
        <extensions>
          <gpxtpx:TrackPointExtension>
            <gpxtpx:hr>173</gpxtpx:hr>
          </gpxtpx:TrackPointExtension>
        </extensions>
      </trkpt>
      <trkpt lat="35.6659830405749" lon="139.77732472973398">
        <ele>7.230632142163813</ele>
        <time>2025-08-11T12:33:38.002000Z</time>
        <extensions>
          <gpxtpx:TrackPointExtension>
            <gpxtpx:hr>173</gpxtpx:hr>
          </gpxtpx:TrackPointExtension>
        </extensions>
      </trkpt>
      <trkpt lat="35.665906598238514" lon="139.77724601499395">
        <ele>7.278146798722446</ele>
        <time>2025-08-11T12:33:42.002000Z</time>
        <extensions>
          <gpxtpx:TrackPointExtension>
            <gpxtpx:hr>174</gpxtpx:hr>
          </gpxtpx:TrackPointExtension>
        </extensions>
      </trkpt>
      <trkpt lat="35.66581459917338" lon="139.77715812549985">
        <ele>7.714257325977087</ele>
        <time>2025-08-11T12:33:46Z</time>
      </trkpt>
      <trkpt lat="35.66574929698186" lon="139.77706578122203">
        <ele>6.890641786158085</ele>
        <time>2025-08-11T12:33:50Z</time>
        <extensions>
          <gpxtpx:TrackPointExtension>
            <gpxtpx:hr>173</gpxtpx:hr>
          </gpxtpx:TrackPointExtension>
        </extensions>
      </trkpt>
      <trkpt lat="35.6656588457133" lon="139.7769812243329">
        <ele>6.803094712086022</ele>
        <time>2025-08-11T12:33:55Z</time>
        <extensions>
          <gpxtpx:TrackPointExtension>
            <gpxtpx:hr>174</gpxtpx:hr>
          </gpxtpx:TrackPointExtension>
        </extensions>
      </trkpt>
      <trkpt lat="35.66561730741905" lon="139.77687574337563">
        <ele>7.19473310187459</ele>
        <time>2025-08-11T12:33:59Z</time>
      </trkpt>
      <trkpt lat="35.66554933334753" lon="139.7767771949487">
        <ele>6.8249727031216025</ele>
        <time>2025-08-11T12:34:05Z</time>
        <extensions>
          <gpxtpx:TrackPointExtension>
            <gpxtpx:hr>175</gpxtpx:hr>
          </gpxtpx:TrackPointExtension>
        </extensions>
      </trkpt>
      <trkpt lat="35.66548936995817" lon="139.77665553512216">
        <ele>7.049712046049535</ele>
        <time>2025-08-11T12:34:09Z</time>
        <extensions>
          <gpxtpx:TrackPointExtension>
            <gpxtpx:hr>177</gpxtpx:hr>
          </gpxtpx:TrackPointExtension>
        </extensions>
      </trkpt>
      <trkpt lat="35.665433903179135" lon="139.77656722399934">
        <ele>7.529323616065085</ele>
        <time>2025-08-11T12:34:13Z</time>
        <extensions>
          <gpxtpx:TrackPointExtension>
            <gpxtpx:hr>178</gpxtpx:hr>
          </gpxtpx:TrackPointExtension>
        </extensions>
      </trkpt>
      <trkpt lat="35.665394466269944" lon="139.7764633217138">
        <ele>6.958483316004276</ele>
        <time>2025-08-11T12:34:17Z</time>
        <extensions>
          <gpxtpx:TrackPointExtension>
            <gpxtpx:hr>179</gpxtpx:hr>
          </gpxtpx:TrackPointExtension>
        </extensions>
      </trkpt>
      <trkpt lat="35.6653175216868" lon="139.7763657358916">
        <ele>6.13348139077425</ele>
        <time>2025-08-11T12:34:22Z</time>
        <extensions>
          <gpxtpx:TrackPointExtension>
            <gpxtpx:hr>178</gpxtpx:hr>
          </gpxtpx:TrackPointExtension>
        </extensions>
      </trkpt>
      <trkpt lat="35.665239930999434" lon="139.77627956282652">
        <ele>6.724731862545013</ele>
        <time>2025-08-11T12:34:26.001000Z</time>
      </trkpt>
      <trkpt lat="35.66519304298224" lon="139.77618403087402">
        <ele>6.430838782340288</ele>
        <time>2025-08-11T12:34:30.001000Z</time>
        <extensions>
          <gpxtpx:TrackPointExtension>
            <gpxtpx:hr>181</gpxtpx:hr>
          </gpxtpx:TrackPointExtension>
        </extensions>
      </trkpt>
      <trkpt lat="35.665144296223" lon="139.776083339637">
        <ele>7.16133467014879</ele>
        <time>2025-08-11T12:34:34.001000Z</time>
        <extensions>
          <gpxtpx:TrackPointExtension>
            <gpxtpx:hr>181</gpxtpx:hr>
          </gpxtpx:TrackPointExtension>
        </extensions>
      </trkpt>
      <trkpt lat="35.665057548100066" lon="139.77599928154999">
        <ele>6.419036774896085</ele>
        <time>2025-08-11T12:34:42.001000Z</time>
        <extensions>
          <gpxtpx:TrackPointExtension>
            <gpxtpx:hr>181</gpxtpx:hr>
          </gpxtpx:TrackPointExtension>
        </extensions>
      </trkpt>
      <trkpt lat="35.66497027634116" lon="139.77592348152172">
        <ele>6.630722408182919</ele>
        <time>2025-08-11T12:34:47.001000Z</time>
        <extensions>
          <gpxtpx:TrackPointExtension>
            <gpxtpx:hr>182</gpxtpx:hr>
          </gpxtpx:TrackPointExtension>
        </extensions>
      </trkpt>
      <trkpt lat="35.664918981078365" lon="139.77582325106405">
        <ele>6.397120304405689</ele>
        <time>2025-08-11T12:34:50.001000Z</time>
        <extensions>
          <gpxtpx:TrackPointExtension>
            <gpxtpx:hr>182</gpxtpx:hr>
          </gpxtpx:TrackPointExtension>
        </extensions>
      </trkpt>
      <trkpt lat="35.66481650392795" lon="139.77576250386485">
        <ele>7.430759698152542</ele>
        <time>2025-08-11T12:34:54.001000Z</time>
      </trkpt>
      <trkpt lat="35.66477784484709" lon="139.7756604159919">
        <ele>7.012607694603503</ele>
        <time>2025-08-11T12:34:58.001000Z</time>
        <extensions>
          <gpxtpx:TrackPointExtension>
            <gpxtpx:hr>183</gpxtpx:hr>
          </gpxtpx:TrackPointExtension>
        </extensions>
      </trkpt>
      <trkpt lat="35.664706206159316" lon="139.7755754850536">
        <ele>7.298855794593692</ele>
        <time>2025-08-11T12:35:02.001000Z</time>
        <extensions>
          <gpxtpx:TrackPointExtension>
            <gpxtpx:hr>183</gpxtpx:hr>
          </gpxtpx:TrackPointExtension>
        </extensions>
      </trkpt>
      <trkpt lat="35.66463316267735" lon="139.77546442737858">
        <ele>7.910996779799461</ele>
        <time>2025-08-11T12:35:07.001000Z</time>
        <extensions>
          <gpxtpx:TrackPointExtension>
            <gpxtpx:hr>183</gpxtpx:hr>
          </gpxtpx:TrackPointExtension>
        </extensions>
      </trkpt>
      <trkpt lat="35.66458219105318" lon="139.77537262880142">
        <ele>7.06409817468375</ele>
        <time>2025-08-11T12:35:11.001000Z</time>
        <extensions>
          <gpxtpx:TrackPointExtension>
            <gpxtpx:hr>182</gpxtpx:hr>
          </gpxtpx:TrackPointExtension>
        </extensions>
      </trkpt>
      <trkpt lat="35.664507754318606" lon="139.77530667385602">
        <ele>7.6082794507965446</ele>
        <time>2025-08-11T12:35:15.001000Z</time>
      </trkpt>
      <trkpt lat="35.6644289936342" lon="139.77522095825253">
        <ele>5.779910426586866</ele>
        <time>2025-08-11T12:35:19.002000Z</time>
        <extensions>
          <gpxtpx:TrackPointExtension>
            <gpxtpx:hr>182</gpxtpx:hr>
          </gpxtpx:TrackPointExtension>
        </extensions>
      </trkpt>
      <trkpt lat="35.664345162110344" lon="139.77512230882041">
        <ele>7.143513096496463</ele>
        <time>2025-08-11T12:35:23.002000Z</time>
        <extensions>
          <gpxtpx:TrackPointExtension>
            <gpxtpx:hr>182</gpxtpx:hr>
          </gpxtpx:TrackPointExtension>
        </extensions>
      </trkpt>
      <trkpt lat="35.66433680668558" lon="139.77499221114948">
        <ele>7.186762128025293</ele>
        <time>2025-08-11T12:35:27.002000Z</time>
        <extensions>
          <gpxtpx:TrackPointExtension>
            <gpxtpx:hr>182</gpxtpx:hr>
          </gpxtpx:TrackPointExtension>
        </extensions>
      </trkpt>
      <trkpt lat="35.66429127764869" lon="139.7748830837052">
        <ele>7.2258118176832795</ele>
        <time>2025-08-11T12:35:32.002000Z</time>
      </trkpt>
      <trkpt lat="35.6642267901071" lon="139.77479212920792">
        <ele>6.258480819873512</ele>
        <time>2025-08-11T12:35:38.002000Z</time>
        <extensions>
          <gpxtpx:TrackPointExtension>
            <gpxtpx:hr>182</gpxtpx:hr>
          </gpxtpx:TrackPointExtension>
        </extensions>
      </trkpt>
      <trkpt lat="35.664139285440164" lon="139.77471654904394">
        <ele>7.802582995034754</ele>
        <time>2025-08-11T12:35:44.002000Z</time>
        <extensions>
          <gpxtpx:TrackPointExtension>
            <gpxtpx:hr>183</gpxtpx:hr>
          </gpxtpx:TrackPointExtension>
        </extensions>
      </trkpt>
      <trkpt lat="35.664075467094726" lon="139.77463800572218">
        <ele>6.585808026604354</ele>
        <time>2025-08-11T12:35:49.002000Z</time>
        <extensions>
          <gpxtpx:TrackPointExtension>
            <gpxtpx:hr>182</gpxtpx:hr>
          </gpxtpx:TrackPointExtension>
        </extensions>
      </trkpt>
      <trkpt lat="35.663985454033295" lon="139.7745859154949">
        <ele>7.0164514454081655</ele>
        <time>2025-08-11T12:35:54Z</time>
        <extensions>
          <gpxtpx:TrackPointExtension>
            <gpxtpx:hr>182</gpxtpx:hr>
          </gpxtpx:TrackPointExtension>
        </extensions>
      </trkpt>
      <trkpt lat="35.663910667618936" lon="139.7745113843697">
        <ele>6.16086039878428</ele>
        <time>2025-08-11T12:35:59Z</time>
        <extensions>
          <gpxtpx:TrackPointExtension>
            <gpxtpx:hr>183</gpxtpx:hr>
          </gpxtpx:TrackPointExtension>
        </extensions>
      </trkpt>
      <trkpt lat="35.66382435236557" lon="139.77444880683132">
        <ele>4.335100287571549</ele>
        <time>2025-08-11T12:36:04Z</time>
        <extensions>
          <gpxtpx:TrackPointExtension>
            <gpxtpx:hr>181</gpxtpx:hr>
          </gpxtpx:TrackPointExtension>
        </extensions>
      </trkpt>
      <trkpt lat="35.66375805055473" lon="139.7743384389849">
        <ele>7.746371143497527</ele>
        <time>2025-08-11T12:36:08Z</time>
        <extensions>
          <gpxtpx:TrackPointExtension>
            <gpxtpx:hr>181</gpxtpx:hr>
          </gpxtpx:TrackPointExtension>
        </extensions>
      </trkpt>
      <trkpt lat="35.663724685586104" lon="139.77419811374307">
        <ele>6.4869208531454206</ele>
        <time>2025-08-11T12:36:12Z</time>
      </trkpt>
      <trkpt lat="35.6636637301291" lon="139.7741040640007">
        <ele>5.839420398697257</ele>
        <time>2025-08-11T12:36:17Z</time>
        <extensions>
          <gpxtpx:TrackPointExtension>
            <gpxtpx:hr>183</gpxtpx:hr>
          </gpxtpx:TrackPointExtension>
        </extensions>
      </trkpt>
      <trkpt lat="35.66361651917957" lon="139.77399759044107">
        <ele>7.459999546408653</ele>
        <time>2025-08-11T12:36:21Z</time>
      </trkpt>
      <trkpt lat="35.66352870292739" lon="139.77395988787066">
        <ele>8.393232534639537</ele>
        <time>2025-08-11T12:36:24Z</time>
        <extensions>
          <gpxtpx:TrackPointExtension>
            <gpxtpx:hr>182</gpxtpx:hr>
          </gpxtpx:TrackPointExtension>
        </extensions>
      </trkpt>
      <trkpt lat="35.6634402791064" lon="139.77401885271013">
        <ele>8.221197071485221</ele>
        <time>2025-08-11T12:36:28.001000Z</time>
        <extensions>
          <gpxtpx:TrackPointExtension>
            <gpxtpx:hr>182</gpxtpx:hr>
          </gpxtpx:TrackPointExtension>
        </extensions>
      </trkpt>
      <trkpt lat="35.66337119480868" lon="139.77409175063664">
        <ele>7.84212572965771</ele>
        <time>2025-08-11T12:36:32.001000Z</time>
      </trkpt>
      <trkpt lat="35.6632855545328" lon="139.77417470082895">
        <ele>9.628282749094069</ele>
        <time>2025-08-11T12:36:36.001000Z</time>
        <extensions>
          <gpxtpx:TrackPointExtension>
            <gpxtpx:hr>183</gpxtpx:hr>
          </gpxtpx:TrackPointExtension>
        </extensions>
      </trkpt>
      <trkpt lat="35.66319000640787" lon="139.77424348978937">
        <ele>10.212977984920144</ele>
        <time>2025-08-11T12:36:41.001000Z</time>
        <extensions>
          <gpxtpx:TrackPointExtension>
            <gpxtpx:hr>185</gpxtpx:hr>
          </gpxtpx:TrackPointExtension>
        </extensions>
      </trkpt>
      <trkpt lat="35.66310506869082" lon="139.7742891389483">
        <ele>9.190976714715362</ele>
        <time>2025-08-11T12:36:46.001000Z</time>
      </trkpt>
      <trkpt lat="35.66300805294788" lon="139.7743362691523">
        <ele>8.236487529240549</ele>
        <time>2025-08-11T12:36:51.001000Z</time>
        <extensions>
          <gpxtpx:TrackPointExtension>
            <gpxtpx:hr>185</gpxtpx:hr>
          </gpxtpx:TrackPointExtension>
        </extensions>
      </trkpt>
      <trkpt lat="35.66292668783386" lon="139.77439137055256">
        <ele>8.237644298002124</ele>
        <time>2025-08-11T12:36:55.001000Z</time>
        <extensions>
          <gpxtpx:TrackPointExtension>
            <gpxtpx:hr>184</gpxtpx:hr>
          </gpxtpx:TrackPointExtension>
        </extensions>
      </trkpt>
      <trkpt lat="35.66283462706087" lon="139.77444261441954">
        <ele>8.620238694362342</ele>
        <time>2025-08-11T12:37:00.001000Z</time>
        <extensions>
          <gpxtpx:TrackPointExtension>
            <gpxtpx:hr>185</gpxtpx:hr>
          </gpxtpx:TrackPointExtension>
        </extensions>
      </trkpt>
      <trkpt lat="35.66276572196088" lon="139.77452225075774">
        <ele>8.442109725438058</ele>
        <time>2025-08-11T12:37:04.001000Z</time>
        <extensions>
          <gpxtpx:TrackPointExtension>
            <gpxtpx:hr>187</gpxtpx:hr>
          </gpxtpx:TrackPointExtension>
        </extensions>
      </trkpt>
      <trkpt lat="35.662685069944416" lon="139.77458775536712">
        <ele>7.887266743928194</ele>
        <time>2025-08-11T12:37:09.001000Z</time>
        <extensions>
          <gpxtpx:TrackPointExtension>
            <gpxtpx:hr>186</gpxtpx:hr>
          </gpxtpx:TrackPointExtension>
        </extensions>
      </trkpt>
      <trkpt lat="35.66258378506436" lon="139.77467096968783">
        <ele>7.7120389975607395</ele>
        <time>2025-08-11T12:37:14.001000Z</time>
        <extensions>
          <gpxtpx:TrackPointExtension>
            <gpxtpx:hr>186</gpxtpx:hr>
          </gpxtpx:TrackPointExtension>
        </extensions>
      </trkpt>
      <trkpt lat="35.66249512690789" lon="139.7747188598793">
        <ele>7.920153960585594</ele>
        <time>2025-08-11T12:37:19.001000Z</time>
        <extensions>
          <gpxtpx:TrackPointExtension>
            <gpxtpx:hr>187</gpxtpx:hr>
          </gpxtpx:TrackPointExtension>
        </extensions>
      </trkpt>
      <trkpt lat="35.662433052276434" lon="139.77483370259966">
        <ele>9.162615603767335</ele>
        <time>2025-08-11T12:37:24.002000Z</time>
        <extensions>
          <gpxtpx:TrackPointExtension>
            <gpxtpx:hr>187</gpxtpx:hr>
          </gpxtpx:TrackPointExtension>
        </extensions>
      </trkpt>
      <trkpt lat="35.66235191507529" lon="139.7749248079576">
        <ele>8.134118417277932</ele>
        <time>2025-08-11T12:37:29.002000Z</time>
        <extensions>
          <gpxtpx:TrackPointExtension>
            <gpxtpx:hr>187</gpxtpx:hr>
          </gpxtpx:TrackPointExtension>
        </extensions>
      </trkpt>
      <trkpt lat="35.662274170482156" lon="139.77499355351821">
        <ele>9.565410141833127</ele>
        <time>2025-08-11T12:37:33.002000Z</time>
        <extensions>
          <gpxtpx:TrackPointExtension>
            <gpxtpx:hr>187</gpxtpx:hr>
          </gpxtpx:TrackPointExtension>
        </extensions>
      </trkpt>
      <trkpt lat="35.66218043385745" lon="139.77506319615898">
        <ele>10.031747584231198</ele>
        <time>2025-08-11T12:37:38.002000Z</time>
        <extensions>
          <gpxtpx:TrackPointExtension>
            <gpxtpx:hr>187</gpxtpx:hr>
          </gpxtpx:TrackPointExtension>
        </extensions>
      </trkpt>
      <trkpt lat="35.662090589714445" lon="139.77514833753122">
        <ele>8.689931296743453</ele>
        <time>2025-08-11T12:37:44.002000Z</time>
        <extensions>
          <gpxtpx:TrackPointExtension>
            <gpxtpx:hr>185</gpxtpx:hr>
          </gpxtpx:TrackPointExtension>
        </extensions>
      </trkpt>
      <trkpt lat="35.662010774325765" lon="139.77521471619912">
        <ele>8.48427487630397</ele>
        <time>2025-08-11T12:37:48.002000Z</time>
        <extensions>
          <gpxtpx:TrackPointExtension>
            <gpxtpx:hr>185</gpxtpx:hr>
          </gpxtpx:TrackPointExtension>
        </extensions>
      </trkpt>
      <trkpt lat="35.66142094096185" lon="139.77580121175015">
        <ele>7.596687622368336</ele>
        <time>2025-08-11T12:39:58.002000Z</time>
        <extensions>
          <gpxtpx:TrackPointExtension>
            <gpxtpx:hr>151</gpxtpx:hr>
          </gpxtpx:TrackPointExtension>
        </extensions>
      </trkpt>
      <trkpt lat="35.66135501628509" lon="139.77588352003033">
        <ele>6.746626626700163</ele>
        <time>2025-08-11T12:40:03.002000Z</time>
        <extensions>
          <gpxtpx:TrackPointExtension>
            <gpxtpx:hr>149</gpxtpx:hr>
          </gpxtpx:TrackPointExtension>
        </extensions>
      </trkpt>
      <trkpt lat="35.66128027754927" lon="139.7759459103942">
        <ele>6.6947637386620045</ele>
        <time>2025-08-11T12:40:08Z</time>
        <extensions>
          <gpxtpx:TrackPointExtension>
            <gpxtpx:hr>151</gpxtpx:hr>
          </gpxtpx:TrackPointExtension>
        </extensions>
      </trkpt>
      <trkpt lat="35.661205899349255" lon="139.77601997266262">
        <ele>6.118870581500232</ele>
        <time>2025-08-11T12:40:13Z</time>
      </trkpt>
      <trkpt lat="35.66112307739523" lon="139.7761101795226">
        <ele>5.736201039515436</ele>
        <time>2025-08-11T12:40:19Z</time>
        <extensions>
          <gpxtpx:TrackPointExtension>
            <gpxtpx:hr>154</gpxtpx:hr>
          </gpxtpx:TrackPointExtension>
        </extensions>
      </trkpt>
      <trkpt lat="35.661078025892024" lon="139.77620842556033">
        <ele>6.483682000078261</ele>
        <time>2025-08-11T12:40:24Z</time>
        <extensions>
          <gpxtpx:TrackPointExtension>
            <gpxtpx:hr>156</gpxtpx:hr>
          </gpxtpx:TrackPointExtension>
        </extensions>
      </trkpt>
      <trkpt lat="35.66098746554484" lon="139.77628956620376">
        <ele>5.9498224556446075</ele>
        <time>2025-08-11T12:40:29Z</time>
        <extensions>
          <gpxtpx:TrackPointExtension>
            <gpxtpx:hr>156</gpxtpx:hr>
          </gpxtpx:TrackPointExtension>
        </extensions>
      </trkpt>
      <trkpt lat="35.66088412065409" lon="139.776359240593">
        <ele>4.711739907972515</ele>
        <time>2025-08-11T12:40:34Z</time>
        <extensions>
          <gpxtpx:TrackPointExtension>
            <gpxtpx:hr>159</gpxtpx:hr>
          </gpxtpx:TrackPointExtension>
        </extensions>
      </trkpt>
      <trkpt lat="35.66081666791793" lon="139.7764327613904">
        <ele>5.0273273922502995</ele>
        <time>2025-08-11T12:40:38Z</time>
      </trkpt>
      <trkpt lat="35.66071450678776" lon="139.7764749420353">
        <ele>4.6757484041154385</ele>
        <time>2025-08-11T12:40:43Z</time>
        <extensions>
          <gpxtpx:TrackPointExtension>
            <gpxtpx:hr>161</gpxtpx:hr>
          </gpxtpx:TrackPointExtension>
        </extensions>
      </trkpt>
      <trkpt lat="35.660661282106176" lon="139.7765785411957">
        <ele>5.2855353532359</ele>
        <time>2025-08-11T12:40:47.001000Z</time>
        <extensions>
          <gpxtpx:TrackPointExtension>
            <gpxtpx:hr>164</gpxtpx:hr>
          </gpxtpx:TrackPointExtension>
        </extensions>
      </trkpt>
      <trkpt lat="35.66059914044031" lon="139.77666283485047">
        <ele>4.86934051476419</ele>
        <time>2025-08-11T12:40:52.001000Z</time>
        <extensions>
          <gpxtpx:TrackPointExtension>
            <gpxtpx:hr>165</gpxtpx:hr>
          </gpxtpx:TrackPointExtension>
        </extensions>
      </trkpt>
      <trkpt lat="35.660533625910844" lon="139.77674865665008">
        <ele>4.43421345949173</ele>
        <time>2025-08-11T12:40:57.001000Z</time>
        <extensions>
          <gpxtpx:TrackPointExtension>
            <gpxtpx:hr>165</gpxtpx:hr>
          </gpxtpx:TrackPointExtension>
        </extensions>
      </trkpt>
      <trkpt lat="35.66037443126395" lon="139.77689808824638">
        <ele>5.736710924655199</ele>
        <time>2025-08-11T12:41:14.001000Z</time>
        <extensions>
          <gpxtpx:TrackPointExtension>
            <gpxtpx:hr>165</gpxtpx:hr>
          </gpxtpx:TrackPointExtension>
        </extensions>
      </trkpt>
      <trkpt lat="35.66030079836034" lon="139.77697410343146">
        <ele>6.00133225414902</ele>
        <time>2025-08-11T12:41:18.001000Z</time>
        <extensions>
          <gpxtpx:TrackPointExtension>
            <gpxtpx:hr>165</gpxtpx:hr>
          </gpxtpx:TrackPointExtension>
        </extensions>
      </trkpt>
      <trkpt lat="35.66020853671778" lon="139.7770433690987">
        <ele>5.358562578447163</ele>
        <time>2025-08-11T12:41:23.001000Z</time>
        <extensions>
          <gpxtpx:TrackPointExtension>
            <gpxtpx:hr>165</gpxtpx:hr>
          </gpxtpx:TrackPointExtension>
        </extensions>
      </trkpt>
      <trkpt lat="35.6601200660787" lon="139.77710956393406">
        <ele>5.3167590126395226</ele>
        <time>2025-08-11T12:41:28.001000Z</time>
        <extensions>
          <gpxtpx:TrackPointExtension>
            <gpxtpx:hr>167</gpxtpx:hr>
          </gpxtpx:TrackPointExtension>
        </extensions>
      </trkpt>
      <trkpt lat="35.66005481820152" lon="139.77719053256928">
        <ele>5.08895212225616</ele>
        <time>2025-08-11T12:41:32.001000Z</time>
        <extensions>
          <gpxtpx:TrackPointExtension>
            <gpxtpx:hr>166</gpxtpx:hr>
          </gpxtpx:TrackPointExtension>
        </extensions>
      </trkpt>
      <trkpt lat="35.65998241462428" lon="139.7772738399069">
        <ele>5.169366778805852</ele>
        <time>2025-08-11T12:41:36.001000Z</time>
      </trkpt>
      <trkpt lat="35.65993200815223" lon="139.77736872237594">
        <ele>4.8997950023040175</ele>
        <time>2025-08-11T12:41:41.002000Z</time>
        <extensions>
          <gpxtpx:TrackPointExtension>
            <gpxtpx:hr>167</gpxtpx:hr>
          </gpxtpx:TrackPointExtension>
        </extensions>
      </trkpt>
      <trkpt lat="35.65984692365127" lon="139.77743168580076">
        <ele>4.54881367366761</ele>
        <time>2025-08-11T12:41:45.002000Z</time>
      </trkpt>
      <trkpt lat="35.659758578154324" lon="139.77748638163945">
        <ele>5.670519057661295</ele>
        <time>2025-08-11T12:41:50.002000Z</time>
        <extensions>
          <gpxtpx:TrackPointExtension>
            <gpxtpx:hr>170</gpxtpx:hr>
          </gpxtpx:TrackPointExtension>
        </extensions>
      </trkpt>
      <trkpt lat="35.6596855155179" lon="139.7775545816852">
        <ele>4.315890167839825</ele>
        <time>2025-08-11T12:41:54.002000Z</time>
        <extensions>
          <gpxtpx:TrackPointExtension>
            <gpxtpx:hr>171</gpxtpx:hr>
          </gpxtpx:TrackPointExtension>
        </extensions>
      </trkpt>
      <trkpt lat="35.65955010566991" lon="139.77772461957852">
        <ele>5.424470465630293</ele>
        <time>2025-08-11T12:42:40Z</time>
        <extensions>
          <gpxtpx:TrackPointExtension>
            <gpxtpx:hr>169</gpxtpx:hr>
          </gpxtpx:TrackPointExtension>
        </extensions>
      </trkpt>
      <trkpt lat="35.65946155799025" lon="139.77782063403558">
        <ele>5.599323355592787</ele>
        <time>2025-08-11T12:42:45Z</time>
        <extensions>
          <gpxtpx:TrackPointExtension>
            <gpxtpx:hr>166</gpxtpx:hr>
          </gpxtpx:TrackPointExtension>
        </extensions>
      </trkpt>
      <trkpt lat="35.65938531991415" lon="139.77788571889354">
        <ele>4.472910055890679</ele>
        <time>2025-08-11T12:42:49Z</time>
      </trkpt>
      <trkpt lat="35.659216435004765" lon="139.77798968468537">
        <ele>5.528175292536616</ele>
        <time>2025-08-11T12:43:15.001000Z</time>
        <extensions>
          <gpxtpx:TrackPointExtension>
            <gpxtpx:hr>164</gpxtpx:hr>
          </gpxtpx:TrackPointExtension>
        </extensions>
      </trkpt>
      <trkpt lat="35.659153720356905" lon="139.77807774487718">
        <ele>5.054832992143929</ele>
        <time>2025-08-11T12:43:19.001000Z</time>
        <extensions>
          <gpxtpx:TrackPointExtension>
            <gpxtpx:hr>164</gpxtpx:hr>
          </gpxtpx:TrackPointExtension>
        </extensions>
      </trkpt>
      <trkpt lat="35.659056666682396" lon="139.77816011295258">
        <ele>5.060478293336928</ele>
        <time>2025-08-11T12:43:24.001000Z</time>
        <extensions>
          <gpxtpx:TrackPointExtension>
            <gpxtpx:hr>166</gpxtpx:hr>
          </gpxtpx:TrackPointExtension>
        </extensions>
      </trkpt>
      <trkpt lat="35.65896816435075" lon="139.7782477424156">
        <ele>5.422861659899354</ele>
        <time>2025-08-11T12:43:29.001000Z</time>
        <extensions>
          <gpxtpx:TrackPointExtension>
            <gpxtpx:hr>166</gpxtpx:hr>
          </gpxtpx:TrackPointExtension>
        </extensions>
      </trkpt>
      <trkpt lat="35.658882892926506" lon="139.77831462679472">
        <ele>4.617338878102601</ele>
        <time>2025-08-11T12:43:33.001000Z</time>
      </trkpt>
      <trkpt lat="35.65879695700731" lon="139.77840925129198">
        <ele>1.8499549189582467</ele>
        <time>2025-08-11T12:43:38.001000Z</time>
        <extensions>
          <gpxtpx:TrackPointExtension>
            <gpxtpx:hr>163</gpxtpx:hr>
          </gpxtpx:TrackPointExtension>
        </extensions>
      </trkpt>
      <trkpt lat="35.6587252601314" lon="139.77849134832894">
        <ele>4.374209550209343</ele>
        <time>2025-08-11T12:43:42.001000Z</time>
      </trkpt>
      <trkpt lat="35.65865628107514" lon="139.77856490410016">
        <ele>4.897990387864411</ele>
        <time>2025-08-11T12:43:47.001000Z</time>
        <extensions>
          <gpxtpx:TrackPointExtension>
            <gpxtpx:hr>165</gpxtpx:hr>
          </gpxtpx:TrackPointExtension>
        </extensions>
      </trkpt>
      <trkpt lat="35.65857231332055" lon="139.77861549979102">
        <ele>8.348019343800843</ele>
        <time>2025-08-11T12:43:51.002000Z</time>
        <extensions>
          <gpxtpx:TrackPointExtension>
            <gpxtpx:hr>167</gpxtpx:hr>
          </gpxtpx:TrackPointExtension>
        </extensions>
      </trkpt>
      <trkpt lat="35.65849495962309" lon="139.77850992611826">
        <ele>4.8154894933104515</ele>
        <time>2025-08-11T12:44:01.002000Z</time>
        <extensions>
          <gpxtpx:TrackPointExtension>
            <gpxtpx:hr>169</gpxtpx:hr>
          </gpxtpx:TrackPointExtension>
        </extensions>
      </trkpt>
      <trkpt lat="35.65840348429747" lon="139.77847499430385">
        <ele>6.938979578204453</ele>
        <time>2025-08-11T12:44:04.002000Z</time>
        <extensions>
          <gpxtpx:TrackPointExtension>
            <gpxtpx:hr>171</gpxtpx:hr>
          </gpxtpx:TrackPointExtension>
        </extensions>
      </trkpt>
      <trkpt lat="35.658317814496684" lon="139.77838630099686">
        <ele>5.492070049978793</ele>
        <time>2025-08-11T12:44:10.002000Z</time>
        <extensions>
          <gpxtpx:TrackPointExtension>
            <gpxtpx:hr>171</gpxtpx:hr>
          </gpxtpx:TrackPointExtension>
        </extensions>
      </trkpt>
      <trkpt lat="35.658230946759474" lon="139.7782895430526">
        <ele>5.509025307372212</ele>
        <time>2025-08-11T12:44:14.002000Z</time>
        <extensions>
          <gpxtpx:TrackPointExtension>
            <gpxtpx:hr>172</gpxtpx:hr>
          </gpxtpx:TrackPointExtension>
        </extensions>
      </trkpt>
      <trkpt lat="35.658142580853635" lon="139.77823291282712">
        <ele>4.877582749351859</ele>
        <time>2025-08-11T12:44:18Z</time>
        <extensions>
          <gpxtpx:TrackPointExtension>
            <gpxtpx:hr>172</gpxtpx:hr>
          </gpxtpx:TrackPointExtension>
        </extensions>
      </trkpt>
      <trkpt lat="35.65808353841559" lon="139.77814813994138">
        <ele>4.72746844869107</ele>
        <time>2025-08-11T12:44:23Z</time>
        <extensions>
          <gpxtpx:TrackPointExtension>
            <gpxtpx:hr>173</gpxtpx:hr>
          </gpxtpx:TrackPointExtension>
        </extensions>
      </trkpt>
      <trkpt lat="35.65802320475545" lon="139.77806399160906">
        <ele>4.660995753481984</ele>
        <time>2025-08-11T12:44:26Z</time>
      </trkpt>
      <trkpt lat="35.65796157525561" lon="139.7779779221383">
        <ele>4.646448285318911</ele>
        <time>2025-08-11T12:44:30Z</time>
        <extensions>
          <gpxtpx:TrackPointExtension>
            <gpxtpx:hr>175</gpxtpx:hr>
          </gpxtpx:TrackPointExtension>
        </extensions>
      </trkpt>
      <trkpt lat="35.65788490890238" lon="139.77789201183754">
        <ele>4.754563079215586</ele>
        <time>2025-08-11T12:44:35Z</time>
      </trkpt>
      <trkpt lat="35.65780700156452" lon="139.77783053704943">
        <ele>3.282290954142809</ele>
        <time>2025-08-11T12:44:39Z</time>
        <extensions>
          <gpxtpx:TrackPointExtension>
            <gpxtpx:hr>174</gpxtpx:hr>
          </gpxtpx:TrackPointExtension>
        </extensions>
      </trkpt>
      <trkpt lat="35.6577317261553" lon="139.77773327955776">
        <time>2025-08-11T12:44:44Z</time>
        <extensions>
          <gpxtpx:TrackPointExtension>
            <gpxtpx:hr>173</gpxtpx:hr>
          </gpxtpx:TrackPointExtension>
        </extensions>
      </trkpt>
    </trkseg>
  </trk>
</gpx>